Index,sci,Common.name,X19,X24,X27,X28,X30,X31,X321,X322,X323,X324,X325,X326,X327,X329,X33,X330,X34,X35,X353,X354,X355,X356,X357,X37,X38,X383,X386,X387,X389,X393,X41,X42,X45,X555,X79,X82,X83,mean.complex.score,mean.docking.score,Susceptibility,dist,acc,seq
653,Homo sapiens,,S,Q,T,F,D,K,N,H,E,E,D,Y,Q,L,L,M,Y,P,N,M,T,Q,G,F,E,N,K,G,D,F,R,M,A,A,P,R,F,-2820,-935.332,0,0,NP_001358344.1,MSSSSWLLLSLVAVTAAQSTIEEQAKTFLDKFNHEAEDLFYQSSLASWNYNTNITEENVQNMNNAGDKWSAFLKEQSTLAQMYPLQEIQNLTVKLQLQALQQNGSSVLSEDKSKRLNTILNTMSTIYSTGKVCNPDNPQECLLLEPGLNEIMANSLDYNERLWAWESWRSEVGKQLRPLYEEYVVLKNEMARANHYEDYGDYWRGDYEVNGVDGYDYSRGQLIEDVEHTFEEIKPLYEHLHAYVRAKLMNAYPSYISPIGCLPAHLLGDMWGRFWTNLYSLTVPFGQKPNIDVTDAMVDQAWDAQRIFKEAEKFFVSVGLPNMTQGFWENSMLTDPGNVQKAVCHPTAWDLGKGDFRILMCTKVTMDDFLTAHHEMGHIQYDMAYAAQPFLLRNGANEGFHEAVGEIMSLSAATPKHLKSIGLLSPDFQEDNETEINFLLKQALTIVGTLPFTYMLEKWRWMVFKGEIPKDQWMKKWWEMKREIVGVVEPVPHDETYCDPASLFHVSNDYSFIRYYTRTLYQFQFQEALCQAAKHEGPLHKCDISNSTEAGQKLFNMLRLGKSEPWTLALENVVGAKNMNVRPLLNYFEPLFTWLKDQNKNSFVGWSTDWSPYADQSIKVRISLKSALGDKAYEWNDNEMYLFRSSVAYAMRQYFLKVKNQMILFGEEDVRVANLKPRISFNFFVTAPKNVSDIIPRTEVEKAIRMSRSRINDAFRLNDNSLEFLGIQPTLGPPNQPPVSIWLIVFGVVMGVIVVGIVILIFTGIRDRKKKNKARSGENPYASIDISKGENNPGFQNTDDVQTSF
606,Chinchilla lanigera,Chinchilla lanigera,S,Q,T,F,D,N,P,H,M,T,Q,G,F,Q,N,N,E,K,K,D,D,F,R,E,D,M,A,I,P,R,Y,Q,L,L,L,A,Y,-2633.27232788005,-867.627281025275,,0.284568704485826,XP_013362428.1,MSGSSWFLLSLVAVTAAQSTIEEQAKTFLDNFNEKAEDLSYQSSLASWNYNTNITEENVQKMNEAGALWSAFYEQQSNLAKAYPLQEIQNLTVKRQLQALQHSGSSVLSAEKNNQLNTILNTMSTIYSTGKVCNPNNLQECLLLEPGLDDIMSNSKDYNERLWAWEGWRSEVGKQMRPLYEEYVALKNEMAKANNYEDYGDYWRADYEAEGADGYDYSREQLIEDVERTFAEIKPLYEQLHAYVRAKLMEAYPSRISPTGCLPAHLLGDMWGRFWTNLYALTIPFQQKPNIDVTDAMGNQSWDAERIFKEAEKFFVSVGLPHMTQGFWQNSMLTEPGDGRKVVCHPTAWDLGKDDFRIKMCTKVTMDHFLTAHHEMGHIQYDMAYAIQPFLLRNGANEGFHEAVGEIMSLSAATPKHLKSIGLLPPDFQEDSETEINFLLKQALTIVGTLPFTYMLEKWRWMVFRGEIPKEQWMKKWWEMKREIVGVVEPVPHDETYCDPASLFHVSNDYSFIRYYTRTIYQFQFQEALCQAAKHVGPLHKCDISNSTEAGQKLLNMLRLGKSEPWTLALENVVGAKNMDVRPLLNYFEPLFTWLKDQNKNASVGWSTEWSPYSGESIKVRISLKSALGDKAYEWNANEMYLFRSSVAYAMREYFLKVKNQTVPFREEDVWVSDETPRISFTFFVTAPNNISDIIPKSEVEDAIRLSRSRINDVFRLDDNSLEFLGIYPTLSPPYEPPVTIWLIVFGVVMGLVVLGIVILVITGIRDRRKKSQTKREENPYSSVDIDKGESNTGFQNSEDIQTSF
575,Acomys cahirinus,Cairo spiny mouse,L,E,T,F,D,S,P,H,M,T,Q,G,F,E,N,N,Q,K,K,G,D,F,R,E,D,M,A,I,P,R,Y,Q,L,L,S,N,F,-2610.69184923662,-857.456718951231,,0.375529454181574,GCA_004027535.1 (NCBI assembly),MSSSFWLLLSLLAVPTAQLTIEEEAKTFLDSFNQKAEDLSYQSSLASWDYNTNITEENAQKMNEAAAKWSAFYEEQSKSAHNFSLQEIQNLIIKRQLKALQQSGSSALPEDKSKQLNTILNTMSTIYSTGKVCDPKNPQECLLLEPGLDDIMATSTDYNERLWAWEGWRAEAGKQLRPLYEEYVVLKNEMAKANNYKDYGDYWRGDYEAEGADGYNYDRNQLIEDVERTFAEIKPLYEHLHAYVRTKLMDTYPSYINRTGCLPAHLLGDMWGRFWTNLYPLTVPYGQKPNIDVTDAMGTQGWDAERIFKEAEKFFVSVGLPHMTQGFWENSMLTEPGDGRKVVCHPTAWDLGKGDFRIKMCTKVTMDNFLTAHHEMGHIQYDMAYAIQPFLLRNGANEGFHEAVGEIMSLSAATPEHLKSLGLLPSNFQEDSETEINFLLKQALTIVGTLPFTYMLEKWRWMVFKGEIPREQWMKKWWEMKREIVGVVEPLPHDETYCDPAALFHVSNDYSFIRYYTRTIYQFQFQEALCQAAKFNGPLHKCDISNSTEAGQKLLNMLRLGRSEPWTLALENVVGARNMDVRPLLNYFAPLFEWLKLQNRNSFVGWNTDWSPYAAQSIKVRISLKSALGKDAYEWTDNEMYLFRSSVAYAMREYFSQIKNQTVPFGVEDIWVSNLKPRVSFSFFVTSPKNVSDVIPRSEVEAAISLSRDRINDVFSLDDNSLEFLGIHPTLKPPYQPPVTIWLIIFGVVMGIVVVGIIILVVNGIKDRKKKKETKREENPYDSTDIGKGESNAGFQNSDDVQTSF
587,Cricetomys gambianus,Gambian pouched rat,S,Q,A,F,D,K,P,N,M,T,Q,G,F,T,N,N,Q,E,K,G,D,F,R,E,D,M,A,I,P,R,Y,Q,L,L,L,N,Y,-2608.63936236671,-887.298166071953,,0.190833918825482,GCA_004027575.1 (NCBI assembly),MSNSSWLLLSLVAVATTQSIIEEQAKAFLDKFNQEAEDLFYQSSLASWNYNTNITEENVQKMNEASAKVSAFYEEQSKLAKNYSLEEIQNLNIKRQLQALQESGSSALSADKNKQLNMILNTMSTIYSTGKVCNPNNPQECLLLEPGLDDIMATSTDYNQRLWAWEGWRAEVGKQLRPLYEDYVVLKNEMARANKYEDYGDYWRGDYEAEGADGYDYNRNELIADVERTFAEIKPLYEHLHAYVRRKLMDVYPSYISPTGCLPAHLLGDMWGRFWTNLYPLTVPFGQKPNIDVTDAMVEQGWDAERIFKEAEKFFVSVGLPNMTQGFWTNSMLTEPGDGRKVVCHPTAWDLGKGDFRIKMCTKVTMDNFLTAHHEMGHIQYDMAYAIQPFLLRNGANEGFHEAVGEIMSLSAATPEHLKSIGLLPSDFSEDSETEINFLLKQALTIVGTLPFTYMLEKWRWMAFKGEIPKEQWMKKWWEMKREIVGVVEPLPHDETYCDPASLFHVSNDYSFIRYYTRTIYQFQFQEALCQAAKHDGPLHKCDISNSTEAGQKLLNMLRLGKSKPWTLALENVVGARTMDVRPLLKYFEPLFNWLKEQNRNSFVGWSTDWSPYADQSIKVRISLKSALGENAYEWNENEMYLFRSSVAYAMRKYFSEVKNQTVPFGEEDIRVSDLKPRVSFNFFVTSPKNVSDIIPRSEVENAIRMSRGRINDVFRLNDNSLEFLGISPTLEPPYQPPVTIWLIIFGVVMGLVVVGIVILIITGIKGRKKKNETKREENPYDAVEIGKGESNAGFQNSDDVQTSF
580,Cricetulus griseus,Cricetulus griseus,S,Q,T,F,D,K,P,H,M,T,Q,G,F,G,N,N,Q,E,K,G,D,F,R,E,D,M,A,T,P,R,Y,Q,L,L,L,N,Y,-2606.49248038808,-877.301319526905,0,0.179728464626924,XP_003503283.1,MSSSSWLLLSLVAVTTAQSIIEEQAKTFLDKFNQEAEDLSYQSALASWNYNTNITEENAQKMNEAAAKWSAFYEEQSKLAKNYSLQEVQNLIIKRQLQALQQSGSSALSADKNKQLNTILNTMSTIYSTGKVCNPKNPQECLLLEPGLDDIMATSTDYNERLWAWEGWRAEVGKQLRPLYEEYVVLKNEMARANNYKDYGDYWRGDYEAEGADGYNYNGNQLIEDVERTFKEIKPLYEQLHAYVRTKLMDTYPSYISPTGCLPAHLLGDMWGRFWTNLYPLTVPFGQKPNIDVTDAMVNQGWDAERIFKEAEKFFVSVGLPHMTQGFWGNSMLTDPGDDRKVVCHPTAWDLGKGDFRIKMCTKVTMDNFLTAHHEMGHIQYDMAYATQPFLLRNGANEGFHEAVGEIMSLSAATPKHLKSIGLLPSNFHEDNETEINFLLKQALTIVGTLPFTYMLEKWRWMVFKGDIPKEKWMEKWWEMKREIVGVVEPLPHDETYCDPAALFHVSNDYSFIRYYTRTIYQFQFQEALCQAAKHDGPLHKCDISNSTEAGQKLLNMLRLGKSEPWTLALENVVGARNMDVRPLLNYFEPLSVWLKEQNKNSFVGWNTDWSPYADQSIKVRISLKSALGENAYEWNDNEMYLFRATVAYAMRVYFAKNKTQTVLFGVEDIRVSDLKPRVSFNFFVTSPQNVSDIIPRNEVEEAVRFSRGRINDVFGLDDNSLEFLGINPTLAPPYQPPVTIWLIIFGVVMGIVVVGIVILIVTGIRARKKNNEAKREENPYDSVDIGKGESNAGFQSNDDVQTSF
584,Ondatra zibethicus,Muskrat,S,Q,T,F,N,K,P,H,M,T,Q,G,F,E,N,N,Q,E,K,D,D,F,R,E,D,M,A,T,P,R,Y,Q,L,L,L,S,Y,-2605.23794821941,-863.975936685167,,0.199358484629799,GCA_004026605.1 (NCBI assembly),MSRSSWLLLSLVAVITAQSIIEEQAKTFLNKFNQEAEDLSYQSALASWNYNTNITEENAQKMNEAAAKWSAFYEEQSKLAKSYSLQEIQNLIIKRQLQALQQSGSSALSADKNKQLNTILNTMSTIYSTGKVCNPKNPQECLLLEPGLDDIMATSTDYNERLWAWEGWRAEVGKQMRPLYEEYVVLKNEMARANNYKDYGDYWRGDYEAEGTDGYNYDGNQLIEDVERTFQEIKPLYEHLHAYVRTKLMDTYPSYISPTGCLPAHLLGDMWGRFWTNLYPLTVPFGQKPNIDVTDAMVKQGWDAERIFKEAEKFFVSVGLPHMTQGFWENSMLVDPGDDRKVVCHPTAWDLGKDDFRIKMCTKVTMDNFLTAHHEMGHIQYDMAYATQPYLLRNGANEGFHEAVGEIMSLSAATPEHLKSIGLLPSDFQEDSETEINFLLKQALTIVGTLPFTYMLEKWRWMVFKGEIPKEQWMEKWWEMKREIVGVVEPLPHDETYCDPAALFHVSNDYSFIRYYTRTIFQFQFQEALCQAAKHDGPLHKCDISNSTEAGQKLLNMLRLGKSEPWTLALENVVGARKMDVRPLLNYFEPLFVWLKEQNKNSFVGWNTDWSPYADQSIKVRISLKSALGENAYDWNDNEMYLFRASVAYAMRVYFENVKKQTVPFGVEDIRVSDLTPRVSFNFFVTSPQNVSDIIPRSEVESAISVSRGRINDVFSLDDNSLEFLGIYPTLAPPYQPPVTIWLIIFGVVMGLVVLGIVILIFTGIRDRKKKNETKREENPYSSVDIGKGESNAGFQNNDDVQTSF
581,Mesocricetus auratus,Golden Hamster,S,Q,T,F,D,K,P,Y,M,T,Q,G,F,E,N,N,Q,E,K,G,D,F,R,E,D,M,A,T,P,R,Y,Q,L,L,L,N,Y,-2605.07868866676,-866.61439077231,0,0.146444341983468,XP_005074266.1,MSSSSWLLLSLVAVTTAQSIIEEQAKTFLDKFNQEAEDLSYQSALASWNYNTNITEENAQKMNEAAAKWSAFYEEQSKLAKNYSLQEVQNLTIKRQLQALQQSGSSALSADKNKQLNTILNTMSTIYSTGKVCNPKNPQECLLLEPGLDDIMATSTDYNERLWAWEGWRAEVGKQLRPLYEEYVVLKNEMARANNYEDYGDYWRGDYEAEGADGYNYNGNQLIEDVERTFKEIKPLYEQLHAYVRTKLMNTYPSYISPTGCLPAHLLGDMWGRFWTNLYPLTVPFGQKPNIDVTDAMVNQGWNAERIFKEAEKFFVSVGLPYMTQGFWENSMLTDPGDDRKVVCHPTAWDLGKGDFRIKMCTKVTMDNFLTAHHEMGHIQYDMAYATQPFLLRNGANEGFHEAVGEIMSLSAATPEHLKSIGLLPSDFQEDNETEINFLLKQALTIVGTLPFTYMLEKWRWMVFKGDIPKEQWMEKWWEMKREIVGVVEPLPHDETYCDPAALFHVSNDYSFIRYYTRTIYQFQFQEALCQAAKHDGPLHKCDISNSTEAGQKLLNMLRLGKSEPWTLALENVVGARNMDVRPLLNYFEPLSVWLKEQNKNSFVGWNTDWSPYADQSIKVRISLKSALGENAYEWDDNEMYLFRASVAYAMRVYFAKNKTQTVPFGVEDIRVSDLKPRVSFNFFVTSPQNVSDIIPRNEVEEAVRLSRGRINDVFGLDDNSLEFLGINPTLSPPYQPPVTIWLIIFGVVMGIVVVGIIILIFTGIKGRKKKNETKREENPYDSVDIGKGESNAGFLSNDDAQTSF
589,Allactaga bullata,Gobi jerboa,S,T,T,F,D,K,P,H,M,T,Q,G,F,Q,N,N,Q,E,K,G,D,F,R,E,D,M,A,T,P,R,Y,Q,L,L,L,T,Y,-2598.23949633306,-861.448249350193,,0.201479491588092,GCA_004027895.1 (NCBI assembly),MSSASWLLLSLVAVTAAQSTIEETAKTFLDKFNQEAEDLSYQSSLASWNYNTNITEENAQKMNEAAAKWSAFYEEQSKLAKTYPLQEIHNLTIKRQLQALQQSGSSALSVEKNKQLNTILNAMSTIYSTGRVCNPSNPQECLLLEPGLDDIMATSTDYNRRLWAWEGWRAEVGKQLRPLYEEYVVLKNEMARANNYEDYGDYWRGDYEAEGVDGYEYNRNQLLEDVERTFTEIKPLYEHLHAYVRAKLMNIYPSYISATGCLPAHLLGDMWGRFWTNLYSLTVPFGQKPNIDVTNAMVEQGWDAERIFKEAEKFFVSVGLPHMTQGFWQNSMLTEPGDGRQVVCHPTAWELGKGDFRIKMCTKVTMDNFLTAHHEMGHIQYDMAYATQPFLLRNGANEGFHEAVGEIMSLSAATPKHLKSIGLLPSGFRDDNETNINFLLKQALTIVGTLPFTYMLEKWRWMVFKGEIPKDQWMTKWWEMKREIVGVVEPLPRDETYCDPAALFHVSNDYSFIRYYTRTLYQFQFQEALCQAAKHEGPLYQCDISNSTEAGQKLLNMLRLGKSEPWTLALENVVGAKNMDVRPLLNYFEPLFVWLKEQNRNSFVGWNTNWSPYADESIKVRISLKSALGEKAYEWNDNEMYLFRSSVAYAMREYFLKVKKQTIPFGEEDVRVSDLKPRISFNFIVTAPKNMSDIIPRSDVEDAIRMSRGRINDAFRLDDNSLEFLGIYPTLGTPYQPPVTIWLIVFGVVMGMVVIGLVILIITGIKGRKKKNQAKREENPYASVDISKGENNAGFQNSDDAQTSF
569,Mus spretus,Algerian mouse,S,N,T,F,S,K,P,H,M,T,Q,G,F,A,N,N,Q,E,H,G,D,F,R,E,D,M,A,S,P,R,Y,Q,L,L,T,S,F,-2598.19359385405,-875.120425986152,,0.35231069544564,MGP_SPRETEiJ_P0097089_Mspr/1-805,MSSSPWLLLSLVAVTTAQSLTEENAKTFLSKFNQEAEDLSYQSSLASWNYNTNITEENAQKMNEAAAKWSAFYEEQSKTAQSFSLQEIQTPIIKRQLQALQQSGSSALSADKNKQLNTILNTMSTIYSTGKVCNPKNPQECLLLEPGLDEIMATSTDYNSRLWAWEGWRAEVGKQLRPLYEEYVVLKNEMARANNYNDYGDYWRGDYEAEGADGYNYNRNQLIEDVERTFAEIKPLYEHLHAYVRRKLMDTYPSYISPTGCLPAHLLGDMWGRFWTNLYPLTVPFAQKPNIDVTDAMMNQGWDAERIFKEAEKFFVSVGLPHMTQGFWANSMLTEPADGRKVVCHPTAWDLGHGDFRIKMCAKVTMDNFLTAHHEMGHIQYDMAYASQPFLLRNGANEGFHEAVGEIMSLSAATPKHLKSIGLLPSDFQEDSETEINFLLKQALTIVGTLPFTYMLEKWRWMVFRGEIPKEQWMKKWWEMKREIVGVVEPLPHDETYCDPASLFHVSNDYSFIRYYTRTIYQFQFQEALCQAAKYNGSLHKCDISNSTEAGQKLLKMLSLGNSEPWTKALENVVGARNMDVKPLLNYFQPLFDWLKEQNRNSFVGWNTEWSPYADQSIKVRISLKSALGDNAYEWTNNEMFLFRSSVAYAMRKYFSTVKNQTVPFLEEDVRVSDLKPRVSFYFFVTSPQNVSDVIPRSEVEDAIRMSRGRINDVFGLNDNSLEFLGIHPTLEPPYQPPVTIWLIIFGVVMALVVVGIIILIVTGIKGRKKKNETKREENPYDSMDIGKGESNAGFQNSDDAQTSF
590,Jaculus jaculus,Lesser Egyptian Jerboa,S,M,T,F,D,K,P,P,M,T,Q,G,F,E,N,N,Q,E,K,N,D,F,R,E,D,M,A,T,P,R,Y,Q,L,L,V,T,Y,-2597.35169500509,-853.331277713775,,0.242367070249238,XP_004671523.1,MSSSSWLLLSLVAVTAAQSTTEEMAKTFLDKFNQEAEDLSYQSSLASWNYNTNITEENAQKMNEAAAKWSAFYEEQSKVAKTYPLQEIQNPTIKRQLQALQHSGSSALSVEKNKQLNTILNTMSTIYSTGRVCNPSNPQECLLLEPGLDDIMATSTDYNKRLWAWEGWRAEVGKQLRPLYEEYVVLKNEMARANNYEDYGDYWRGDYEAEGVDGYEYNRNQLIEDVERTFREIKPLYEHLHAYVRTKLMDIYPSYISATGCLPAHLLGDMWGRFWTNLYSLTVPFGQKPNIDVTNAMVEQGWDADRIFKEAEKFFVSVGLPPMTQGFWENSMLTEPGDGRQVVCHPTAWELGKNDFRIKMCTKVTMDNFLTAHHEMGHIQYDMAYATQPFLLRNGANEGFHEAVGEIMSLSAATPKHLKSIGLLPPGFRDDNETDINFLLKQALTIVGTLPFTYMLEKWRWMVFKGEIPKNQWMAKWWEMKRQIVGVVEPLPRDETYCDPAALFHVSNDYSFIRYYTRTIYQFQFQEALCQAAKHEGLLYQCDISNSTEAGQKLLNMLRLGKSEPWTLALENVVGAKNMDVRPLLKYFEPLFIWLKDQNKNSFVGWNTDWSPYADESIKVRISLKSALGEKAYEWNDNEMYLFQSSVAYAMREYFSKVKNQIIPFGVEDVRVSDLKPRISFNFIVTAPKNVSDIIPRSDVEEAIRMSRGRINDAFRLDDNTLEFLGIYPTLGTPYQPPVTIWLIVFGVVMGMVVLGLVILIITGIKGRKKKNQTKREENPYASVDISKGESNAGFENSDDAQTSF
603,Octodon degus,Degu,F,Q,T,F,D,N,P,H,M,T,Q,G,F,Q,N,N,Q,K,K,N,D,F,R,E,D,M,A,I,P,R,Y,Q,L,L,L,A,Y,-2595.02574082602,-855.091841865758,,0.311968151877077,XP_023575315.1,MREKNSGGDFTLGKVVQWMRSLCTGKMSGSSWFLLSLVAVTAAQFTIEEQAKTFLDNFNQKAEDLSYQSSLASWDYNTNITDENVQKMNEAGAVWSTFYEEQSNLAKAYPLQEIQNLTVKRQLQALQHSGSSALSADKNKRLNTILNTMSTIYSTGKVCNPNNPQECLLLEPGLDDIMSKSTDYSERLWAWEGWRSEVGKQLRPLYEEYVALKNEMARANNYEDYGDYWRGDYEAEGVDGYDYSRNQLIEDVERTFAEIKPLYEHLHAYVRAKLMDAYPSRISPVGCLPAHLLGDMWGRFWTNLYSLAIPFRQKPNIDVTEAMVSQSWDADRIFKEAEKFFVSVGLPHMTQGFWQNSMLTEPGDGRKVVCHPTAWDLGKNDFRIKMCTKVTMDHFLTAHHEMGHIQYDMAYAIQPFLLRNGANEGFHEAVGEIMSLSAATPEHLKSIGLLPPDFREDNETEINFLLKQALTIVGTLPFTYMLEKWRWMVFRGEIPKEQWMKKWWEMKREIVGVVEPVPHDETYCDPASLFHVSNDYSFIRYYTRTIYQFQFQEALCQAAKHVGPLHKCDISNSTEAGQKLLNMLRLGASEPWTLALENVVGAKNMDVRPLLNYFEPLFTWLKEQNRNSFVGWRTEWSPYSEESIKVRISLKSALGDNAYKWNANEMYLFRSSVAYAMRVYFLEEKAQMVPFTEEDVRVSDETPRISFTFFVTAPNNISDIIPKNEVENAIRLSRSRINDVFRLDDDSLEFLGIYPTLSPLYEPPVTIWLIVFGVVMGLVVVGIVLLIFTGIRDRRKKKQTKREENPYSSVDIDKGENNTGFQNNEDIQTSF
583,Peromyscus leucopus,souris à pattes blanches,S,Q,I,F,D,K,P,P,M,T,Q,G,F,E,N,N,Q,E,K,G,D,F,R,E,D,M,A,T,P,R,Y,Q,L,L,L,N,Y,-2593.7861165258,-867.740912503859,,0.187791808355128,XP_028743609.1,MSSSSWLLLSLVAVTTAQSIIEEQAKIFLDKFNQEAEDLSYQSALASWNYNTNITEENAQKMNEASAKWSAFYEEQSKLAKNYSLQEIPNLIIKRQLQALQQSGSSALSADKTKQLNTILNAMSTIYSTGKVCKPKNPQECLLLEPGLDVIMATSTDYNERLWAWEGWRAEVGKQLRPLYEEYVVLKNEMARANNYRDYGDYWRGDYEAEGAEGYNYNRNQLIEDVERIFQEIKPLYEHLHAYVRTKLMDTYPSYINPTGCLPAHLLGDMWGRFWTNLYPLTVPFGQKPNIDVTDAMLKQGWDAERIFKEAEKFFVSIGLPPMTQGFWENSMLVDPGDDRKVVCHPTAWDLGKGDFRIKMCTTVTMDNFLTAHHEMGHIQYDMAYATQPFLLRNGANEGFHEAVGEIMSLSAATPEHLKSIGLLPSDFREDSETEINFLLKQALTIVGTLPFTYMLEKWRWMVFTGEIPKEQWMQKWWEMKREIVGVVEPLPHDETYCDPAALFHVSNDYSFIRYYTRTIYQFQFQEALCQAAKHDGPLHKCDISNSTEAGQKLLNMLRLGNSEPWTLALENVVGARNMDVRPLLNYFEPLFAWLKEQNKNSLVGWNTDWSPYADQSIKVRISLKSALGKNAYEWNDNEMYLFRSSVAYAMRVYFAMNKTQNVPFGVEDIHVSDLKPRVSFNFFVTSPQNVSDIIPRKDVEDAIRFSRGRINDVFGLDDNSLEFLGIYPTLAPPYQPPVTIWLIIFGIVMGIVVVGIVILIFTGIKGRKKKNETKREENPYDSMDIGKGESNAGFQNNDDAQTSF
582,Peromyscus maniculatus bairdii,Peromyscus maniculatus bairdii,S,Q,I,F,D,K,P,H,M,T,Q,G,F,R,N,N,Q,E,K,G,D,F,R,E,D,M,A,T,P,R,Y,Q,L,L,L,N,Y,-2593.6322746058,-855.725996846019,0,0.217488578258693,XP_006973269.1,MSSSSWLLLSLVAVTTAQSIIEEQAKIFLDKFNQEAEDLSYQSALASWNYNTNITEENAQKMNEASAKWSAFYEEQSKLAKNYSLQEIQNLIIKRQLQALQQSGSSALSADKNKQLNTILNAMSTIYSTGKVCKPKNPQECLLLEPGLDVIMATSTDYNERLWAWEGWRAEVGKQLRPLYEEYVVLKNEMARANNYRDYGDYWRGDYEAEGAEGYNYNRNQLIEDVERTFQEIKPLYEHLHAYVRTKLMDTYPSYINPTGCLPAHLLGDMWGRFWTNLYPLTVPFGQKPNIDVTDAMLKQGWDAERIFKEAEKFFVSIGLPHMTQGFWRNSMLVDPGDDRKVVCHPTAWDLGKGDFRIKMCTTVTMDNFLTAHHEMGHIQYDMAYATQPFLLRNGANEGFHEAVGEIMSLSAATPEHLKSIGLLPSDFHEDSETEINFLLKQALTIVGTLPFTYMLEKWRWMVFTGEIPKEQWMQKWWEMKREIVGVVEPVPHDETYCDPAALFHVSNDYSFIRYYTRTIYQFQFQEALCQAAKHDGPLHKCDISNSTEAGQKLLNMLRLGNSEPWTLALENVVGARNMDVRPLLNYFEPLFAWLKEQNKNSLVGWNTDWSPYADQSIKVRISLKSALGKNAYEWNDNEMYLFRSSVAYAMRVYFAKNKTQNVPFGVEDIHVSDLKPRVSFNFFVTSPQNVSDIIPRKDVEDAIRFSRGRINDVFGLDDNSLEFLGIYPTLAPPYQPPVTIWLIIFGVVMGIVVVGIVILIFTGIKGRKKKNETKREENPYDSMDIGKGESNAGFQNNDDAQTSF
585,Microtus ochrogaster,Prairie Vole,S,D,A,F,D,K,P,H,M,T,Q,G,F,E,N,N,Q,E,K,D,D,F,R,E,D,M,A,T,P,R,Y,Q,L,L,L,S,Y,-2587.74140880167,-860.337667832531,,0.245542148681739,XP_005358818.1,MSRSSWLLLSLVAVTTVQSIIEEDAKAFLDKFNQEAEDLSYQSALASWNYNTNITEENAQKMNEAAAKWSAFYEEQSKLAKSYSLQEIQNLLLKRQLQTLQQSGSSALSADKNKQLNTILNTMSTIYSTGKVCNPKNPQECLLLEPGLDDIMATSTDYNERLWVWEGWRAEVGKQMRPLYEEYVVLKNEMARANNYKDYGDYWRGDYEAEGADGYNYNGDQLIQDVERTFQEIKPLYEHLHAYVRTKLMDTYPSYISPTGCLPAHLLGDMWGRFWTNLYPLTVPFGEKPNIDVTDAMVNQGWDAERIFKEAEKFFVSVGLPHMTQGFWENSMLVDPGNGRKVVCHPTAWDLGKDDFRIKMCTKVTMDNFLTAHHEMGHIQYDMAYATQPYLLRNGANEGFHEAVGEIMSLSAATPEHLKSIGLLPSDFQEDSETEINFLLKQALTIVGTLPFTYMLEKWRWMVFKGDIPKEQWMQKWWEMKREIVGVVEPLPHDETYCDPAALFHVSNDYSFIRYYTRTIYQFQFQEALCQAAKHDGPLHKCDISNSTEAGQKLLNMLHLGKSEPWTLALENVVGTRNMDVRPLLNYFEPLFVWLKEQNKNSFVGWNTDWSPYADQSIKVRISLKSALGKDAYEWNDNEMYLFRASVAYAMRVYFAKKNQTVLFGVEDIRVSDLTPRVSFNFFVTSPQNVSDIIPRSEVEDAISYSRDRINDVFRLDDNSLEFLGIYPTLAPPYQPPVTIWLIIFGVVMGLVVLGIVILIFTGIRGRKKKNETKREENPYDSVDIGKGESNAGFQNNDDVQTSF
576,Psammomys obesus,Fat sand rat,S,Q,T,F,D,E,P,H,M,T,K,E,F,A,N,N,Q,K,Q,G,D,F,R,E,D,M,A,I,P,R,Y,Q,L,L,I,N,F,-2586.98022297551,-860.724810148659,,0.430240937091244,GCA_002215935.1 (NCBI assembly),MSSSSWLLFSLVAAIAAQSIIEKQAKTFLDEFNQKAEDLYYQSSLASWNYNTNITEENAQKMNEADAKWSAFYEEQSKIAHNFSLQEIQTLIIKRQLQALQKSGSSALSADKNQKLNTILNAMSTIYSTGKVCNPKNPQECSLLEPGLDDIMAKSTDYNERLWAWEGWRAEVGKQLRPLYEDYVVLKNEMARANNYEDYGDYWRGDYEAEGADGYKYDRNQLIEDVERTFAEIKPLYEHLHAYVRTKLMNAYPSYISPTGCLPAHLLGDMWGRFWTNLYPLTVPYGQKPNIDVTDEMVKQGWDAERIFKEAEKFFVSVGLPHMTKEFWANSMLTEPGDDRKVVCHPTAWDLGQGDFRIKMCTKVTMDNFLTAHHEMGHIQYDMAYAIQPFLLRNGANEGFHEAVGEIMSLSAATPEHLKSIGLLPSSFQEDSETEINFLLKQALTIVGTLPFTYMLEKWRWMVFKGEIPKEQWMKKWWEMKREIVGVVEPLPHDETYCDPASLFHVSNDFSFIRYYTRTIYQFQFQEALCQAAKQDGPLHKCDISNSTEAGQKLLNMLSLGKSEPWTLALENVVGARNMDVRPLLNYFHPLLNWLKEQNRNSFVGWNTDWSPYDDQSIKVRISLKSALGNNAYEWTDNEMYLFQSSVAYAMRKYFSEVKNQTVPFREENVWVSDLKPRVSFKFFVTSPQNVSNIIPRSEVEDAIRMSRGRINDIFRLDDNSLEFLGIHPTLEPPYQPPVTVWLIVFGVVMGIVVVGIFILIISGIKDRKKKNETKREENPYDSVDIGKGESNAGFQNSDDIQTSF
611,Petromus typicus,Dassie rat,L,Q,T,F,D,T,P,H,M,T,Q,G,F,K,N,N,Q,Q,K,D,D,F,R,E,E,M,A,I,P,R,Y,Q,L,L,L,A,Y,-2585.180515219,-873.220574055085,,0.352712331069731,GCA_004026965.1 (NCBI assembly),MSGSFWLFLSLGAVTAAQLTIEEQAKTFLDTFNQQAEELSYQSSLASWNYNTNITEENVQKMNEAGANWSTFYEEQSKLAKAYPLQEIQNLTVKRQLQSLQYSGSSVLSADKNKQLNTILNTMSTIYSTGKVCNPNNLQECLLLEPGLDDIMAKSTDYNERLWVWEGWRSEVGKQLRPLYEEYVTLKNEMARGNNYEDYGDYWRGDYEAEGADGYDYSRNQLIEDVERTFAEIKPLYEQLHAYVRTKLMDAYPSHLSPTGCLPAHLLGDMWGRFWTNLYSLTVPYQQKPNIDVTDAMLSQSWDADKIFKEAEKFFVSVGLPHMTQGFWKNSMLTEPGDGRKVVCHPTAWDLGKDDFRIKMCTKVTMDHFLTAHHEMGHIQYDMAYAIQPFLLRNGANEGFHEAVGEIMSLSAATPKHLKSIGLLPPDFYEDTETEINFLLKQALTIVGTLPFTYMLEKWRWMVFRGEIPKEQWMKKWWEMKRQIVGVVEPLPHDETYCDPASLFHVSNDYSFIRYYTRTIYQFQFQEALCQAAKHVGPLHKCDISNSTEAGQKLLNMLRLGKSEPWTLALENVVGARNMDVRPLLNYFDPLLTWLKYQNRNSSVGWSTEWSPYSDESIKVRISLKSALGDQAYEWNANEMYLFRSSVAYAMRKYFLEVKQQIVPFREEDVWVSDETPRISFIFFVTAPNNISDIIPRSEVEDAIRMSRSRINDVFRLDDNSLEFLGIQPTLGPPYEPPVTIWLIVFGVVMGLVVVGLVILIITGIRNRRKNNQTKREENPYSADIGKGENNIAFQNSEDIQTSF
596,Hydrochoerus hydrochaeris,Capybara,S,Q,T,F,D,E,P,N,M,T,Q,G,F,E,N,K,L,K,K,N,D,F,R,E,D,M,A,I,P,R,Y,Q,L,L,L,A,Y,-2584.3855844791,-850.244057943546,,0.248490822435371,GCA_004027455.1 (NCBI assembly),MSGSLWFLLNLVAVTTAQSTLEEQAKTFLDEFNLKAEDLSYQSSLASWNYNTNITDENVQKMNEAGGVWSVFYEEQSKLAKAYPLQDIQNLTVKRQLRILQQSGSSGLSADKNKQLSTVLNTMSTLYSTGKVCNPSDPQECLLLEPGLDDIMSKSTDYNRRLWAWEGWRSEVGKQLRPLYEEYVALKNEVARANNYEDYGDYWRGNYEVEDLGGYKYSREQLVEDVERTFAEIKPLYEQLHAYVRTKLMETYPSRISPVGCLPAHLLGDMWGRFWTELYSLTVPFQQKPNIDVTDAMESQSWDAARIFKEAEKFFVSVGLPNMTQGFWEKSMLTEPGDGRKVVCHPTAWDMGKNDFRIKMCTKVTMDHFLTAHHEMGHIQYDMAYAIQPFLLRDGANEGFHEAIGEIMSLSAATPEHLKSIGLLPPDFYEDNETEINFLLKQALTIVGTLPFTYMLEKWRWMVFRGEIPKDQWMKKWWEMKREIVGVVEPLPHDETYCDPASLFHVSNDYSFIRYYTRTIYQFQFQEALCQAANHVGPLHKCDITNSTKAGQKLLNMLKLGKSEPWTLALESIVGTKHMDVKPLLNYFEPLSTWLQDQNRNSFVGWNTEWRPYSEESIKVRISLKSALGNNAYEWDDNETYLFRSSVAYAMRKYFLDVRKQMVLFRAEDVWVNDMTPRISFTFFVTEPNNLSDIIPRSEVEDAIRLSRGRINDVFRLDDNSLEFLGIYPTLSPPYEPPVTIWLIVFGVVMGLVVVGIVVLIITGIRDRKKEKQKQREENPYSSVDIGKGENNTAFQNSEDNQTSF
566,Mus pahari,Indochinese Shrewlike Mouse,S,N,T,F,N,K,P,H,M,T,Q,G,F,A,N,N,Q,E,H,G,D,F,R,E,D,M,A,T,P,R,Y,Q,L,L,T,N,F,-2583.43444106671,-853.972897477162,,0.355126052191546,XP_021043935.1,MSRSSWLLLSLVAVTTAQSLTEENAKTFLNKFNQEAEDLSYQSSLASWNYNTNITEENAQKMNEAAAKWSAFYEEQSKTAQNFSLQEIQNPVIKRQLQALQQSGSSALSADKNKQLNTILNTMSTIYSTGKVCNPKNPQECLVLEPGLDEIMATSTDYNTRLWAWEGWRAEVGKQLRPLYEEYVVLKNEMARANNYKDYGDYWRGDYEAEGTDGYNYNRNQLIEDVERTFAEIKPLYEHLHAYVRRKLMDTYPSYISPTGCLPAHLLGDMWGRFWTNLYPLTVPFAQKPNIDVTDAMTNQSWDAERIFKEAEKFFVSVGLPHMTQGFWANSMLTEPADGRKVVCHPTAWDLGHGDFRIKMCTKVTMDNFLTAHHEMGHIQYDMAYATQPFLLRNGANEGFHEAVGEIMSLSAATPKHLKSIGLLPSNFQEDSETEINFLLKQALTIVGTLPFTYMLEKWRWMVFQGEIPKEQWMKKWWEMKREIVGVVEPLPHDETYCDPASLFHVSNDYSFIRYYTRTIYQFQFQEALCQAAKYDGPLHKCDISNSTEAGQKLLKMLSLGNSEPWTLALEKVVGARNMDVKPLLNYFQPLFDWLKEQNRNSFVGWNTDWSPYADQSIKVRISLKSALGNNAYEWTDNEMFLFRSSVAYAMREYFSRVKNQTVPFREEDVRVSDLKPRVSFNFFVTSPENVSDVIPRSEVEDAIRMSRGRINDIFGLNDNSLEFLGIHPTLEPPYQPPVTIWLIIFGVVMGLVVVGIIILIVTGIKGRKKKNETKREENPYDSMDIGKGESNAGFQNNDDAQTSF
618,Marmota flaviventris,Yellow-bellied Marmot,S,L,T,F,D,K,P,N,M,T,Q,G,F,E,N,N,Q,E,K,G,D,F,R,E,D,M,A,I,P,R,Y,Q,L,L,L,A,Y,-2575.70393614951,-868.859173675189,,0.150629649141058,XP_027802308.1,MGSCPGARGKMLGSSWLLLSFVAVTAAQSTIEELAKTFLDKFNQEAEDLDYQRSLASWNYNTNITKENTQKMNEAEAKWSAFYEKQSKLAKAYPLQEIQNFTLKRQLQALQQSGSSALSANKREQLNTILNTMSTIYSTGKVCNPKKPQECLLLEPGLDGIMANSTDYNERLWVWEGWRSKVGKQLRPLYEEYVVLKNEMARANNYEDYGDYWRGDYEAEGADGYGYNHNQLIEDVERTFAEIKPLYEHLHAYVRAKLMNTYPSYISPTGCLPAHLLGDMWGRFWTNLYSLTVPFPEKPNIDVTDAMIKQNWNAVRIFKEAEKFFVSVGLPNMTQGFWENSMLTEPTDGRKVVCHPTAWDLQKGDFRIKMCTKVTMDNFLTAHHEMGHIQYNMAYAIQPYLLRNGANEGFHEAVGEIMSLSATTPKHLKSIGLLPSDFREDNETEINFLLKQALTIVGALPFTYMLEKWRWMVFKGEIPKDQWMKKWWEMKREIVGVMEPVPHDETYCDPAALYHVSNDFSFIRYYTRTIYQFQFQEALCQAAKHEGPLHKCDISNSTEAGQKLLNMLRLGKSKPWTLALENVVGARNMDVRPLLNYFEPLFGWLKDQNRNSFVGWNTNWSPYTDQSIKVRISLKSALGEEAYQWNDNEMYLFRSSVAYAMRMYFSKVKNQTIPFGEEDVWVSDLKPRISFNFFVTTPQNASDIIPRTDVEKAIRMSRGRINGVFRLDDNSLEFLGIQPTLGPPYQPPVTIWLIVFGVVMGLIVVGIVILIFTGIRDRRRKNQTKREENPYAESSMEMGKGENNPGYQNNDDVQTSF
564,Arvicanthis niloticus,African Arvicanthis,S,K,T,F,D,K,P,H,M,T,Q,G,F,A,N,N,R,E,L,G,D,F,R,E,D,M,A,T,P,R,H,Q,L,L,T,N,F,-2575.70133200638,-861.556271274507,,0.358881269343874,XP_034341939.1,MSSSSWLLLSLVAVTTAQSLIEEKAKTFLDKFNREAEDLYHQSSLASWNYNTNITEENAQKMSEASAKWSAFYEEQSKTAHNFSLQEIQTPIIKRQLQALQQSESSAFSADKNEQLNKIMNTMSTIYSTGKVCNPKNPQECLLLEPGLDKIMATSTDYSKRLWAWEGWRAEVGKQLRPLYEEYVDLKNEMARANNYKDYGDYWRGDYEAEGIDGYNYNRDQLIQDVERTFAEIKPLYEHLHAYVRTKLMNTYPSYISPTGCLPAHLLGDMWGRFWTNLYPLTVPFAQKPNIDVTDAMVNQSWDAERIFKEAEKFFVSVGLPHMTQGFWANSMLTEPADDRNVVCHPSAWDLGLGDFRIKMCTKVTMDNFLTAHHEMGHIQYDMAYATQPFLLRNGANEGFHEAVGEIMSLSVATPKHLKSIGLLPSNFQEDSETEINFLLKQALTIVGTLPFTYMLEKWRWMVFEGEIPKEQWMKKWWEMKRNIVGVVEPLPHDETYCDPAVLFHVSNDFSFIRYYTRTIYQFQFQAALCQAAKHDGPLHKCDIANSTEAGQKLLNMLSLGNSEPWTLALENVTGARNMDVKPLLNYFQPLFDWLKEQNRNSFVGWNTAWSPYADQSIKVRISLKSALGSNAYEWTNNEMYLFRSSIAYAMRVYFSKVKNQTVPFGEEDIRVSDLSPRVSFNFFVTSPKNASDVIPRSEVEEAIRMSRGRINDVFGLNDNSLEFLGIHPTLEPPYQPPVTIWLIIFGVVMGMVVVGIIILIVTGIKGRKKKNETKREENPYGSMDIGKGESNAGFQNSDDAQTSF
597,Dolichotis patagonum,Pantagonian mara,F,Q,T,F,D,E,P,H,M,T,Q,G,F,E,N,N,L,K,K,N,D,F,R,E,D,M,A,I,P,R,Y,Q,L,L,L,A,Y,-2575.54796000707,-870.970064645791,,0.287235885711324,GCA_004027295.1 (NCBI assembly),MSGSFWFLLNLVSITTAQFNLEEQAKTFLDEFNLKAEDLSYQNSLASWNYNTNITDENVQKMNEAGGVWSAFYEEQSNLAKAYPLQDIQNLTVKRQLRILQQSGSSGLSADKNKQLSTILNTMSTLYSTGKVCNPSDPQECLLLEPGLDDIMSKSTDYNKRLWAWEGWRSEVGKQLRPLYEVYVALKNEMAKANNYEDYGDYWRGDYEVEDMDGYSYSRNQLIEDVERTFAEIKPLYEQLHAYVRTKLMETYPSRISPVGCLPAHLLGDMWGRFWTELYSLTVPFQQKPNIDVTDAMESQSWDADRIFKEAEKFFVSVGLPHMTQGFWENSMLTEPGDGRKVVCHPTAWDMGKNDFRIKMCTKVTMDHFLTAHHEMGHIQYDMAYAIQPFLLRDGANEGFHEAIGEIMSLSAATPEHLKSIGLLPPDFHEDNETEINFLLKQALTIVGTLPFTYMLEKWRWMVFRGEIPKEQWMKKWWEMKREIVGVVEPLPHDETYCDPASLFHVSNDYSFIRYYTRTIYQFQFQEALCQAANHVGPLHKCDISNSTKAGQKLLNMLKLGKSESWTLALESIVGTKNMDVKPLLNYFEPLYTWLQDQNRNSFVGWNTEWSPYSEESIKVRISLKSALGENAYKWDDNEMYLFRSSVAYAMRKYFLDEKKQTVLFREEDVWVSDVTPRISFTFFVTEPNNVSDIIPRSEVEDAIRLSRSRINDVFRLDDNSLEFLGIYPTLSPPYEPPVTIWLIVFGVVMALVVVGIVALVITGIRDRRKKKQKQREENPYSSVDIGKGENNTAFQNSEDNQTSF
574,Rattus norvegicus,rat surmulot,S,K,S,F,N,K,P,Q,M,T,P,G,F,T,N,N,Q,E,H,G,D,F,R,E,D,M,A,K,P,R,Y,Q,L,L,I,N,F,-2575.23690748255,-876.135701723855,2,0.435042490417359,NP_001012006.1,MSSSCWLLLSLVAVATAQSLIEEKAESFLNKFNQEAEDLSYQSSLASWNYNTNITEENAQKMNEAAAKWSAFYEEQSKIAQNFSLQEIQNATIKRQLKALQQSGSSALSPDKNKQLNTILNTMSTIYSTGKVCNSMNPQECFLLEPGLDEIMATSTDYNRRLWAWEGWRAEVGKQLRPLYEEYVVLKNEMARANNYEDYGDYWRGDYEAEGVEGYNYNRNQLIEDVENTFKEIKPLYEQLHAYVRTKLMEVYPSYISPTGCLPAHLLGDMWGRFWTNLYPLTTPFLQKPNIDVTDAMVNQSWDAERIFKEAEKFFVSVGLPQMTPGFWTNSMLTEPGDDRKVVCHPTAWDLGHGDFRIKMCTKVTMDNFLTAHHEMGHIQYDMAYAKQPFLLRNGANEGFHEAVGEIMSLSAATPKHLKSIGLLPSNFQEDNETEINFLLKQALTIVGTLPFTYMLEKWRWMVFQDKIPREQWTKKWWEMKREIVGVVEPLPHDETYCDPASLFHVSNDYSFIRYYTRTIYQFQFQEALCQAAKHDGPLHKCDISNSTEAGQKLLNMLSLGNSGPWTLALENVVGSRNMDVKPLLNYFQPLFVWLKEQNRNSTVGWSTDWSPYADQSIKVRISLKSALGKNAYEWTDNEMYLFRSSVAYAMREYFSREKNQTVPFGEADVWVSDLKPRVSFNFFVTSPKNVSDIIPRSEVEEAIRMSRGRINDIFGLNDNSLEFLGIYPTLKPPYEPPVTIWLIIFGVVMGTVVVGIVILIVTGIKGRKKKNETKREENPYDSMDIGKGESNAGFQNSDDAQTSF
577,Meriones unguiculatus,Mongolian gerbil,S,Q,T,F,D,E,P,H,M,T,K,G,F,A,N,K,Q,K,Q,G,D,F,R,E,D,M,A,I,P,R,Y,Q,L,L,I,N,F,-2571.98586448497,-865.568776894998,,0.4319729985109,GCA_004026785.1 (NCBI assembly),MSSSSWLLLSLVAAIAAQSIIEKQAKTFLDEFNQKAEDLYYQSSLASWNYNTNITEENAQKMNEADAKWSAFYEEQSKIAHNFSLQEIQTLIIKRQLQALQKSGSSALSADKNQKLNTILNAMSTIYSTGKVCNPKNPQECSLLEPGLDDIMAKSTDYNERLWAWEGWRAEVGKQLRPLYEDYVALKNEMARANNYEDYGDYWRGDYEAEGADGYNYDRNQLIEDVERTFAEIKPLYEHLHAYVRTKLMNAYPSYISPTGCLPAHLLGDMWGRFWTNLYPLTVPYGQKPNIDVTDEMVKQGWDADRIFKEAEKFFVSVGLPHMTKGFWAKSMLTEPGDDRKVVCHPTAWDLGQGDFRIKMCTKVTMDNFLTAHHEMGHIQYDMAYAIQPFLLRNGANEGFHEAVGEIMSLSAATPEHLKSIGLLPSSFQEDSETEINFLLKQALTIVGTLPFTYMLEKWRWMVFKGEIPKEQWMKKWWEMKREIVGVVEPLPHDETYCDPASLFHVSNDFSFIRYYTRTIYQFQFQEALCQAAKHDGPLHKCDISNSTEAGQKLLNMLSLGKSEPWTLALENVVGARNMDVRPLLNYFHPLLNWLKEQNRNSFVGWSTDWSPYADQSIKVRISLKSALGNNAYEWTDNEMYLFQSSVAYAMRKYFSEVKNQTVPFGEENVWVSDLKPRVSFKFFVTSPQNVSNIIPRSEVEDAIRMSRGRINDIFRLDDNSLEFLGIHPTLEPPYQPPVTIWLIVFGVVMGIIVVGIFILIISGIKDRKKKNETKREENPYDSVDIGKGESNAGFQNSDDIQTSF
571,Mus musculus,souris commune,S,N,T,F,N,N,P,H,M,T,Q,G,F,A,N,N,Q,E,H,G,D,F,R,E,D,M,A,R,P,R,Y,Q,L,L,T,S,F,-2571.12599094229,-860.317774759216,2,0.389835822757175,NP_001123985.1,MSSSSWLLLSLVAVTTAQSLTEENAKTFLNNFNQEAEDLSYQSSLASWNYNTNITEENAQKMSEAAAKWSAFYEEQSKTAQSFSLQEIQTPIIKRQLQALQQSGSSALSADKNKQLNTILNTMSTIYSTGKVCNPKNPQECLLLEPGLDEIMATSTDYNSRLWAWEGWRAEVGKQLRPLYEEYVVLKNEMARANNYNDYGDYWRGDYEAEGADGYNYNRNQLIEDVERTFAEIKPLYEHLHAYVRRKLMDTYPSYISPTGCLPAHLLGDMWGRFWTNLYPLTVPFAQKPNIDVTDAMMNQGWDAERIFQEAEKFFVSVGLPHMTQGFWANSMLTEPADGRKVVCHPTAWDLGHGDFRIKMCTKVTMDNFLTAHHEMGHIQYDMAYARQPFLLRNGANEGFHEAVGEIMSLSAATPKHLKSIGLLPSDFQEDSETEINFLLKQALTIVGTLPFTYMLEKWRWMVFRGEIPKEQWMKKWWEMKREIVGVVEPLPHDETYCDPASLFHVSNDYSFIRYYTRTIYQFQFQEALCQAAKYNGSLHKCDISNSTEAGQKLLKMLSLGNSEPWTKALENVVGARNMDVKPLLNYFQPLFDWLKEQNRNSFVGWNTEWSPYADQSIKVRISLKSALGANAYEWTNNEMFLFRSSVAYAMRKYFSIIKNQTVPFLEEDVRVSDLKPRVSFYFFVTSPQNVSDVIPRSEVEDAIRMSRGRINDVFGLNDNSLEFLGIHPTLEPPYQPPVTIWLIIFGVVMALVVVGIIILIVTGIKGRKKKNETKREENPYDSMDIGKGESNAGFQNSDDAQTSF
567,Mus caroli,Ryukyu Mouse,S,N,T,F,N,K,P,H,M,T,Q,G,F,A,N,N,Q,E,H,G,D,F,R,E,D,M,A,T,P,R,Y,Q,L,L,T,S,F,-2570.62245107414,-860.528377093807,,0.348121443166356,XP_021009138.1,MSSSSWLLLSLVAVTTAQSLTEENAKTFLNKFNQEAEDLSYQSSLASWNYNTNITEENAQKMNEAAAKWSAFYEEQSKTAQSFSLQEIQTPIIKRQLQALQQSGSSALSADKNKQLNTILNTMSTIYSTGKVCNPKNPQECLLLEPGLDEIMATSTDYHSRLWAWEGWRAEVGKQLRPLYEEYVVLKNEMARANNYNDYGDYWRGDYEAEGADGYSYNRNQLIEDVERTFAEIKPLYEHLHAYVRRKLMDTYPSYISPTGCLPAHLLGDMWGRFWTNLYPLTVPFAQKPNIDVTDAMMNQGWDAERIFKEAEKFFVSVGLPHMTQGFWANSMLTEPADGRKVVCHPTAWDLGHGDFRIKMCTKVTMDNFLTAHHEMGHIQYDMAYATQPFLLRNGANEGFHEAVGEIMSLSAATPKHLKSIGLLPSNFQEDSETEINFLLKQALTIVGTLPFTYMLEKWRWMVFRGEIPKEQWMKKWWEMKREIVGVVEPLPHDETYCDPASLFHVSNDYSFIRYYTRTIYQFQFQEALCQAAKYNGPLHKCDISNSTEAGQKLLKMLSLGNSEPWTKALENVVGARNMDVKPLLNYFQPLFDWLKEQNRNSFVGWNTDWSPYADQSIKVRISLKSALGVNAYNWTNNEMFLFRSSVAYAMREYFSTVKKQTVPFLEEDVRVRDLKPRVSFYFFVTSPQNVSDVIPRSEVEDAIRRSRGRINDIFRLNDNSLEFLGIHPTLEPPYQPPITIWLIIFGVVMALVVVGIIILIVTGIKGRKKKNETKREENPYDSMDIGKGESNAGFQNSDDAQTSF
599,Cavia tschudii,Montane guinea pig,F,Q,T,F,D,E,P,P,M,T,Q,G,F,K,N,N,L,K,K,N,D,F,R,E,D,M,A,I,P,R,Y,Q,L,L,L,A,Y,-2570.0626935619,-870.188306387606,,0.342247562648281,GCA_004027695.1 (NCBI assembly),MSGSFWFLLNLVAVTTAQFNLEEQAKTFLDEFNLKAEDLYYQSSLASWNYNTNITDENVQKMSEAGGILSAFYEEQSNLAKAYPLQDIQNLTVKRQLRILQQSGSSGFSADKNKQLSTILNTMSTLYSTGKVCYPSDPQECLLLEPGLADIMSKSTDYNLRLWAWEGWRSKVGKQLRPLYEEYVALKNEMARANKYEDYGDYWRRDYEVEDMDGYNYSRNQLIEDVERTFAEIKPLYEQLHAYVRTKLMETYPSRISPVGCLPAHLLGDMWGRFWTELYSLTVPFQQKPNIDVTDAMESQSWDAEKIFKEAEKFFVSVGLPPMTQGFWKNSMLTEPGDGQKVVCHPTAWDMGKNDFRIKMCTKVTMDHFLTAHHEMGHIQYDMAYAIQPFLLRDGANEGFHEAIGEIMSLSAATPEHLKSIGLLPPDFHEDNETEINFLLKQALTIVGTLPFTYMLEKWRWMVFRGEIPKEQWMKKWWEMKREIVGVVEPLPHDETYCDPASLFHVSNDYSFIRYYTRTIYQFQFQEALCKAANHVGPLHKCDISNSTEAGQKLLNMLKLGRSEPWTLALESIVGTKNMDVKPLLNYFQPLSTWLQDQNRNSFVGWNTEWSPYSEESIKVRISLKSALGEDAYKWDDNEMYLFRSSVAYAMRKYFLDVKNQTVLFSWEDVRVSDWTHRVSFTFFVTEPNNVSNIIPKTEVEDAIRLSRSRINDVFRLDDNTLEFLGFIRHLVLLTSHLSPYG*LFLVL*WDW*WLALSS*SSLGSEIEGRKSRNKEKKTLTLLWTLVKEKIIQHSKTVRIIRLH
570,Mus musculus,souris commune,S,N,T,F,N,N,P,H,M,T,Q,G,F,A,N,N,Q,E,H,G,D,F,R,E,D,M,A,R,P,R,Y,Q,L,L,T,S,F,-2569.92816835123,-862.753440112303,2,0.389835822757175,BAB40431.1,MSSSSWLLLSLVAVTTAQSLTEENAKTFLNNFNQEAEDLSYQSSLASWNYNTNITEENAQKMSEAAAKWSAFYEEQSKTAQSFSLQEIQTPIIKRQLQALQQSGSSALSADKNKQLNTILNTMSTIYSTGKVCNPKNPQECLLLEPGLDEIMATSTDYNSRLWAWEGWRAEVGKQLRPLYEEYVVLKNEMARANNYNDYGDYWRGDYEAEGADGYNYNRNQLIEDVERTFAEIKPLYEHLHAYVRRKLMDTYPSYISPTGCLPAHLLGDMWGRFWTNLYPLTVPFAQKPNIDVTDAMMNQGWDAERIFQEAEKFFVSVGLPHMTQGFWANSMLTEPADGRKVVCHPTAWDLGHGDFRIKMCTKVTMDNFLTAHHEMGHIQYDMAYARQPFLLRNGANEGFHEAVGEIMSLSAATPKHLKSIGLLPSDFQEDSETEINFLLKQALTIVGTLPFTYMLEKWRWMVFRGEIPKEQWMKKWWEMKREIVGVVEPLPHDETYCDPASLFHVSNDYSFIRYYTRTIYQFQFQEALCQAAKYNGSLHKCDISNSTEAGQKLLKMLSLGNSEPWTKALENVVGARNMDVKPLLNYFQPLFDWLKEQNRNSFVGWNTEWSPYADQSIKVRISLKSALGANAYEWTNNEMFLFRSSVAYAMRKYFSIIKNQTVPFLEEDVRVSDLKPRVSFYFFVTSPQNVSDVIPRSEVEDAIRMSRGRINDVFGLNDNSLEFLGIHPTLEPPYQPPVTIWLIIFGVVMALVVVGIIILIVTGIKGRKKKNETKREESPYDSTGHWKRRKQCRIPKQ
620,Spermophilus dauricus,Daurian ground squirrel,S,L,T,F,D,K,P,N,M,T,Q,G,F,E,N,N,Q,E,K,G,D,F,R,E,D,M,A,M,P,R,Y,Q,L,L,L,A,Y,-2567.76456085042,-857.110415122971,,0.140946634836394,GCA_002406435.1 (NCBI assembly),MLGSSWLLLSFVAVTAAQSTIEELAKTFLDKFNQEAEDLDYQRSLASWNYNTNITEENTQKMNEAEAKWSAFYEEQSKLAKAYPLQEIQNFTLKRQLQALQQSGSSALSANKREQLNTILNTMSTIYSTGKVCNPKKPQECLLLEPGLDGIMANSTDYSERLWVWEGWRSEVGKQLRPLYEEYVVLKNEMARANNYEDYGDYWRGDYEAEGADGYGYNHNQLIEDVERTFVEIKPLYEHLHAYVRAKLMNTYPSYISPTGCLPAHLLGDMWGRFWTNLYSLTVPFPEKPNIDVTDAMINQNWNAVRIFKEAEKFFVSVGLPNMTQGFWENSMLTEPTDGRKVVCHPTAWDLQKGDFRIKMCTKVTMDNFLTAHHEMGHIQYYMAYAMQPYLLRNGANEGFHEAVGEIMSLSATTPKHLKSIGLLPSDFHEDNETEINFLLKQALTIVGALPFSYMLEKWRWMVFKGEIPKDQWMKKWWEMKREIVGVMEPVPHDETYCDPAALYHVSNDFSFIRYYTRTIYQFQFQEALCQTAKHKGPLHKCDISNSTEAGQKLLNMLRLGKSKPWTLALENVVGARNMDVRPLLNYFEPLFGWLKDQNRNSFVGWNTDWSPYTDQSIKVRISLKSALGEEAYQWNDNEMYLFRSSVAYAMRMYFSKVKNQTIPFGEEDVWVSDMKPRISFNFFVTAPQNVSDIIPRTDVEKAIRMSRGRINGVFRLDDNSLEFLGIQPTLGPPYQPPVTIWLIVFGVVMGLIVVGIVILIFTGIRDRRRKNQTKQEENPYASMEMGKGENNPGYQNNDDVQTSF
591,Zapus hudsonius,Meadow jumping mouse,V,D,T,F,D,I,P,P,M,T,Q,G,F,K,N,N,Q,E,K,G,D,F,R,E,D,M,A,T,P,R,Y,Q,L,L,R,T,Y,-2567.21676875594,-855.908062674388,,0.35359219439402,GCA_004024765.1 (NCBI assembly),MSSSSWLLLSLVAVTAAQVTIEEDAKTFLDIFNQEAEDLSYQSSLTSWNYNTNITEENVQKMNEAAAKWSVFYEEQSKRAKTYPLQEIQNLTIKRQLQALQQSGSSALSVDKNKQLNTILNTMSTIYSIGRVCNPSNSQECLLLEPGLDDIMATSTDYNKRLWAWEGWRAEVGKQLRPLYEEYVVLKNEMARANNYEDYGDYWRGDYEAEGANGYEYNRKQLIEDVERTFAEIKPLYEHLHAYVRTKLMETYPSYISATGCLPAHLLGDMWGRFWTNLYHLTVPFGHKPNIDVTNAMVEQGWDAERIFKEAEKFFVSVGLPPMTQGFWKNSMLTEPGDGRQVVCHPTAWELGKGDFRIKMCTKVTMDNFLTAHHEMGHIQYDMAYATQPFLLRNGANEGFHEAVGEIMSLSAATPKHLKSIGLLPSGFHDDNETDINFLLKQALTIVGTLPFTYMLEKWRWMVFKGEIPKDQWMKKWWEMKREIVGVVEPLPHDETYCDPAALFHVSNDYSFIRYYTRTIYQFQFQEALCKAAKHEGLLYQCDISNSTEAGQKLLNMLRLGKSEPWTLALENVVGAKNMDIRPLLNYFDPLFTWLKENNRNSFVGWNTDWSPYADESIKVRISLKSALGEKAYEWNDNEMYLFRSSVAYAMRRYFSKIKNQMIPFGDEDVRVSDLKPRISFNFIVTAPKNMSDIIPRSDVEEAIRMSRGRINDVFQLDDNSLEFLGVYPTLGTPYQPPVNIWLIVFGVVMGIVVIGIVVLIVTGIKGRKKKNQTKREENPYASVDISKGENNAGFQNSIETQTSF
605,Chinchilla lanigera,Long-tailed Chinchilla,S,Q,T,F,D,N,P,H,M,T,Q,G,F,Q,N,N,E,K,K,D,D,F,R,E,D,M,A,I,P,R,Y,Q,L,L,L,A,Y,-2566.63415348941,-851.728381214979,,0.284568704485826,NP_001269290.1,MSSSSWLLLSFAALTAAQSTEEQAKTFLDNFNEKAEDLSYQSSLASWNYNTNITEENVQKMNEAGALWSAFYEQQSNLAKAYPLQEIQNLTVKRQLQALQHSGSSVLSAEKNNQLNTILNTMSTIYSTGKVCNPNNLQECLLLEPGLDDIMSNSKDYNERLWAWEGWRSEVGKQMRPLYEEYVALKNEMAKANNYEDYGDYWRADYEAEGADGYDYSRNQLIEDVERTFAEIKPLYEQLHAYVRAKLMEAYPSRISPTGCLPAHLLGDMWGRFWTNLYALTIPFQQKPNIDVTDAMGNQSWDAERIFKEAEKFFVSVGLPHMTQGFWQNSMLTEPGDGRKVVCHPTARDLGKDDFRIKMCTKVTMDHFLTAHHEMGHIQYDMAYAIQPFLLRNGANEGFHEAVGEIMSLSAATPKHLKSIGLLPPDFQEDSETEINFLLKQALTIVGTLPFTYMLEKWRWMVFRGEIPKEQWMKKWWEMKREIVGVVEPVPHDETYCDPASLFHVSNDYSFIRYYTRTIYQFQFQEALCQAAKHVGPLHKCDISNSTEAGQKLLNMLRLGKSEPWTLALENVVGAKNMDVRPLLNYFEPLFKWLKDQNKNASVGWSTEWSPYSGESIKVRISLKSALGDKAYEWNANEMYLFRSSVAYAMREYFLKVKNQTVPFREEDVWVSDETPRISFTFFVTAPNNISDIIPKSEVEDAIRLSRSRINDVFRLDDNSLEFLGIYPTLSPPYEPPVTIWLIVFGVVMGLVVLGIVILVITGIRDRRKKSQTKREENPYSSVDIDKGESNTGFQNSEDIQTSF
579,Cricetulus griseus,Cricetulus griseus,S,Q,T,F,D,K,P,H,M,T,Q,G,F,G,N,N,Q,E,K,G,D,F,R,E,D,M,A,T,P,R,Y,Q,L,L,L,N,Y,-2564.57137019184,-866.700844195871,0,0.179728464626924,XP_027288607.1,MSSSSWLLLSLVAVTTAQSIIEEQAKTFLDKFNQEAEDLSYQSALASWNYNTNITEENAQKMNEAAAKWSAFYEEQSKLAKNYSLQEVQNLIIKRQLQALQQSGSSALSADKNKQLNTILNTMSTIYSTGKVCNPKNPQECLLLEPGLDDIMATSTDYNERLWAWEGWRAEVGKQLRPLYEEYVVLKNEMARANNYKDYGDYWRGDYEAEGADGYNYNGNQLIEDVERTFKEIKPLYEQLHAYVRTKLMDTYPSFISPTGCLPAHLLGDMWGRFWTNLYPLTVPFGQKPNIDVTDAMVNQGWDAERIFKEAEKFFVSVGLPHMTQGFWGNSMLTDPGDDRKVVCHPTAWDLGKGDFRIKMCTKVTMDNFLTAHHEMGHIQYDMAYATQPFLLRNGANEGFHEAVGEIMSLSAATPKHLKSIGLLPSNFHEDNETEINFLLKQALTIVGTLPFTYMLEKWRWMVFKGDIPKEKWMEKWWEMKREIVGVVEPLPHDETYCDPAALFHVSNDYSFIRYYTRTIYQFQFQEALCQAAKHDGPLHKCDISNSTEAGQKLLNMLRLGKSEPWTLALENVVGARNMDVRPLLNYFEPLSVWLKEQNKNSFVGWNTDWSPYADQSIKVRISLKSALGENAYEWNDNEMYLFRATVAYAMRVYFAKNKTQTVLFGVEDIRVSDLKPRVSFNFFVTSPQNVSDIIPRNEVEEAVRFSRGRINDVFGLDDNSLEFLGINPTLAPPYQPPVTIWLIIFGVVMGIVVVGIVILIVTGIRARKKNNEAKREENPYDSVDIGKGESNAGFQSNDDVQTSF
604,Ctenomys sociabilis,Social tudo-tuco,F,Q,I,F,D,N,P,H,M,T,Q,R,F,Q,N,N,Q,K,K,N,D,F,R,E,D,M,A,V,P,R,Y,Q,L,L,L,A,Y,-2563.50304877783,-850.086617987167,,0.364391986933306,GCA_004027165.1 (NCBI assembly),MSGCSWFLLSLVAVTAAQFTIEEQAKIFLDNFNQKAEDLSYQSSLASWDYNTNITEESTQKMNEAGVLWSTFYEEQSNLAKAYPLQEIQNLTVKRQLQALQHSGSSALSADKNKRLNTILNTMSTIYSTGKVCNPNNPQECLLLEPGLDDIMSKSTDYSERLWAWEGWRSEVGKQLRPLYEEYVALKNEMARANNYEDYGDYWRGDYEAEGVDGYNYSRNQLIEDVERTFAEIKPLYEQLHAYVRAKLMDAYPSRISPMGCLPAHLLGDMWGRFWTNLYSLAVPFQQKPNIDVTEAMVSQSWDADRIFKEAEKFFVSVGLPHMTQRFWQNSMLTEPGDGRKVVCHPTAWDLGKNDFRIKMCTKVTMDHFLTAHHEMGHIQYDMAYAVQPFLLRNGANEGFHEAVGEIMSLSAATPEHLKSIGLLPPDFHEDSETEINFLLKQALTIVGTLPFTYMLEKWRWMVFRGEIPKEQWMKKWWEMKREIVGVVEPVPHDETYCDPAALFHVSNDYSFIRYYTRTIYQFQFQEALCQAAKHVGPLHKCDITNSTEAGQKLLNMLRLGKSEPWTLALENVVGTKNMDVRPLLNYFEPLFTWLKEQNRNSFVGWRTEWSPYSEESIKVRISLKSALGDNAYKWNANEMYLFRSSVAYAMRVYFLEEKGQMVPFTDEDVRVSDETPRISFTFFVTAPNNISDIIPKSEVENAIRLSRSRINDVFRLDDDSLEFLGIYPTLSPLYEPPVTIWLIVFGVVMGLVVVGIVVLIITGIRDRRKKNQTKREENPYSSVDIDKGENNTGFQNNEDIQTSF
612,Thryonomys swinderianus,Greater cane rat,L,L,T,F,D,T,P,R,M,T,E,G,F,Q,N,N,Q,E,K,D,D,F,R,E,E,L,A,S,P,R,Y,Q,L,L,L,A,Y,-2563.17845117142,-847.08121147116,,0.424856790185209,GCA_004025085.1 (NCBI assembly),MSGSFWLFFSLVALTAAQLTTEELAKTFLDTFNQEAEELSYQSSLASWNYNTNITEENVQKMNEAGAKWSAFYEEQSKLAKAYPLQEIQNLTVKRQLQSLQYSGSSVLSADKNKQLNTILNRMSTIYSTGKVCNPNNLQECLLLEPGLDDIMSKSTDYHERLWVWEGWRAEVGKQLRPLYEEYVALKNEMARANNYEDYGDYWRGDYEAEGADGYNYSRNQLTEDVERTFAEIKPLYEQLHAYVRTKLMDAYPSRISPVGCLPAHLLGDMWGRFWTNLYSLTVPFQQKPNIDVTDAMLNQSWDAEKIFKEAEKFFVSVGLPRMTEGFWQNSMLVEPGDGRKVVCHPTAWDLGKDDFRIKMCTKVTMDHFLTAHHEMGHIQYDLAYASQPFLLRNGANEGFHEAVGEIMSLSAATPKHLKSIGLLPPDFYEDNETEINFLLKQALTIVGTLPFTYMLEKWRWMVFRGEIPKDQWMKKWWEMKREIVGVVEPLPHDETYCDPASLFHVSNDYSFIRYYTRTIYQFQFQEALCQAAKHEGPLHKCDISNSTEAGHKLLNMLKLGKSEPWTLALENVVGARNMDVRPLLNYFEPLFTWLKDQNRNSFVGWSTAWSPYSDESIKVRISLKSALGDKAYEWNANEMYLFRSSVAYAMREYFLKVKNQTVPFREEDVRVSDETPRISFIFIVTAPNNISDVIPRSEVENAIRRSRSRINDVFSLDDNSLEFLGIQPTLGTPYQPPVTVWLIVFGVVMGLVVVGLVILVITGLRNRKKTSQTKREENPYSSADIGKGENNIGFQNSEDIQTSF
613,Perognathus longimembris,Little pocket mouse,S,V,T,F,D,K,P,K,M,T,Q,G,F,E,N,N,Q,E,K,G,D,F,R,E,D,M,A,I,P,R,Y,Q,L,L,L,T,Y,-2562.47149062089,-866.765432998717,,0.186259257047588,GCA_004363475.1 (NCBI assembly),MSRSSWLLLSLIAVTASQSSIEEVAKTFLDKFNQEAEDLSYQSSLASWNYNTNITEENAQKMNEAGAKWSAFYEEQSKLAKTYPLQEIQNPILKRQLQALQHSGSSALSEDKNKQLNTILNKMSTIYSTGRVCNPNNPQECLLLEPGLDDIMAKSTDYNERLWVWEGWRSEVGKQLRPLYEEYVVLKNEMARANNYEDYGDYWRGDYEAQGAGGYNYDRNQLIDDVERTFAEIKPLYEHLHAYVRTKLMNVYPSRISPTGCLPAHLLGDMWGRFWTNLYSLVVPFEQKPNIDVTDAMVQQAWDANRIFKEAENFFVSVGLPKMTQGFWENSMLTEPGDNRKVVCHPTAWDLGKGDFRIKMCTKVTMDNFLTAHHEMGHIQYDMAYAIQPFLLRNGANEGFHEAVGEIMSLSAATPKHLKSIGLLPSDFHEDDETEINFLLKQALTIVGTLPFTFMLEKWRWMVFKGEIPKEQWMKKWWEMKREIVGVVEPVPHDETFCDPATLFHVSNDFSFIRYYTRTIYQFQFQEALCNAAKHEGPLHKCDISNSVEAGQKLLNMLRLGKSEPWTLALENVVGTNHMDVRPLLNYFAPLFSWLKDQNKNSFVGWNTGWRPYTDQSIKVRISLKSALGDKAYEWDDNEMFLFQSSVAYAMREYFLRIKNETIPFREENVKVSNWTPRISFTFYVTAPENASDIIPRDEVEEAIRLSRDRINDVFRLNDNSLEFLGVNPTLRPPYQPPVTIWLIAFGVVMGLVVVGIVFLVIIGIRERRKRTEIKREDNPYASMDIGKGETNPGFQNNDDVQTSF
673,Graphiurus murinus,Woodland dormouse,S,T,T,F,D,N,P,N,M,T,E,G,F,T,N,N,R,E,K,G,D,F,R,E,D,M,A,V,P,R,Y,Q,L,L,H,N,Y,-2558.41418052823,-870.446383002122,,0.282425313124693,GCA_004027655.1 (NCBI assembly),MFGSSWLLLSLVAVTAAQSFNEETAKTFLDNFNREAEDLSYQNSLASWDYNTNITEENAPKMNEAGAKWTAFYEEQSKHAQNYPLQEIRNLTIKRQLQILQQSGSSVLSADKREKLNTILNSMSTIYSTGKVCNPNNPQECLLLEPGLDDIMAKSTDYSKRLWAWEGWRAEVGKQLRPLYEEYVVLKNEMARANNYEDYGDYWRGDYEAEGTDGYDYSRNQLIEDVERTFAEIKPLYEHLHAYVRRKLMDTYPSQLSPTGCLPAHLLGDMWGRFWTNLYPLTVPFEQKPNIDVTNAMVEQNWNAERIFKEAEKFFASAGLPNMTEGFWTNSMLTEPGDGRQVVCHPTAWDLGKGDFRIKMCTKVTMDDFLTAHHEMGHIQYDMAYAVQPYLLRDGANEGFHEAVGEIMSLSAATPKHLQSIGLLPPDFNEDKETDINFLLKQALTIVGTLPFTYMLEKWRWMVFKGEIPKDQWMKKWWEMKREIVGVVEPLPHDETYCDPASLFHVSNDYSFIRYYTRTIYQFQFQEALCQAANDTGPLYKCDISNSLEAGQKLLNMLRLGRSEPWTLALENVVGTKNMDVRPLLQYFSPLLDWLKDQNRNSFVGWDTDWSPYSDQSIKVRISLKSALGDKAYKWNDNEMYLFQSSIAYAMRVYFSEEKNQTIPFRAEDVWVSDLKPRVSFNFFVTAPNNMSDIIPRSEVEAAVRMSRGRINDIFRLDDNSLEFLGIPTTLGPPYQPPVTIWLIAFGVVMGLVVIGFVVLIFTGIKNRKKKNETKTEENPYASVEVGKGENNPGFQTSDDVQTSF
607,Hystrix cristata,Crested porcupine,I,Q,T,F,D,K,P,H,M,T,Q,G,F,E,N,N,Q,E,K,N,D,F,R,E,D,M,A,S,P,R,Y,Q,L,L,F,A,Y,-2557.82392595501,-869.876230291805,,0.23419907445112,GCA_004026905.1 (NCBI assembly),MSGSSWLLLSLVAVTAAQITTEEQAKTFLDKFNQEAEDLSYQSSLASWNYNTNITEENVQKMNEAGAIWSAFYEEQSEFAKAYLLQEIQNLTVKRQLQALQHSGSSVLSADKNKQLNTILNTMSTIYSTGKVCNPNNPQECLLLEPGLDDIMAKSTDYNERLWAWEGWRSAVGKQLRPLYEEYVVLKNEMARANNYEDYGDYWRGDYEAEGADGYNYSRNHLIEDVERTFAEIKPLYEQLHAYVRAKLADAYPSHVSPVGCLPAHLLGDMWGRFWTNLYSLTVPFREKPNIDVTDAMVNQSWDAEKIFKEAEKFFVSVGLPHMTQGFWENSMLTEPGDGRKVVCHPTAWDLGKNDFRIKMCTKVTMDHFLTAHHEMGHIQYDMAYASQPFLLRNGANEGFHEAVGEIMSLSAATPKHLKSIGLLPPDFHEDSETEINFLLKQALTIVGTLPFTYMLEKWRWMVFRGEIPKEQWMKKWWEMKREIVGVVEPVPHDETYCDPASLFHVSNDYSFIRYYTRTIYQFQFQEALCQAAKHVGPLHKCDISNSTKAGQKLLNMLRLGKSEPWTLALESVVGAKNMDVRPLLNYFDPLYTWLKDQNRNSFVGWSTEWSPYAEESIKVRISLKSALGDKAYEWDASEMYLFRSSVAYAMRKYFLKIKNQTVPFREEDVWVSNETPRISFTFFVTAPNNVSDIIPKEEVEDAIRMSRSRINDVFRLDDSSLEFLGIYPTLGPLDQPSVTIWLIVFGVVMGLVVVGIVVLVITGIRDRRKKKQANREDNPYSSVDTGKGESNPGFQNSEDIQTSF
614,Dipodomys ordii,Rata-canguro común,S,L,T,F,D,N,P,K,M,T,Q,G,F,E,N,N,Q,E,K,G,D,F,R,E,D,M,A,T,P,R,Y,Q,L,L,L,I,Y,-2555.81827979703,-866.250020473676,,0.199229125566269,XP_012887572.1,MSRSSWLLLSLIAVTASQSSIEELAKTFLDNFNQEAEDLSYQSSLASWNYNTNITEENAQRMNEAGAIWSAFYEEQAKLAKIYSLQEIQNPILKRQLQFLQQSGSSALSEDKSKRLNTILNKMSTIYSTGTVCNPNNPQECLLLEPGLDDIMAKSTDYSERLWVWEGWRSEVGKQLRPLYEEYVVLKNEMARANNYEDYGDYWRGDYEAEGADGYNYNRNQLIEDVERTFAEIKPLYEHLHAYVRAKLMDIYPSHINPTGCLPAHLLGDMWGRFWTNLYSLVIPFEQKPNIDITDAMVQQAWDADRIFKEAEKFFVSVGLPKMTQGFWENSMLTEPGDNRKVVCHPTAWDLGKGDFRIKMCTKVTMDNFLTAHHEMGHIQYDMAYATQPFLLRNGANEGFHEAVGEIMSLSAVTPKHLKSIGLLPPNFHEDNETEINFLLKQALTIVATLPFTFMLEKWRWMVFRGEIPQEQWMKTWWEMKREIVGVVEPVPHDETYCDPASLFHVSNDFSFIRYYTRTIYQFQFQEALCKAAKYEGPLHKCDISNSVEAGHKLLNMLRLGKSEPWTLALENVVGAKNMDVRPLLNYFEPLFIWLQEQNKNSFVGWNTAWNPYNDQSIKVRISLKSALGDKAYEWNDNEMYLFQSSVAYALRKYFSATQNQTIPFREENVKVENLTQRISFTFYVTMPNNSSDIVPRDEVEAAIRMSRGRINDIFCLDDNSLEFLGINPTLGPPYQPPVTVWLIAFGVVMGLVVIGLVFLIVVGIRERRKRSEIRREDNPYASVDISKGEMNAGFQNTEDVQTSF
578,Phodopus campbelli,Campbell's hamster,S,Q,T,F,D,K,P,H,M,T,K,G,F,Q,N,N,Q,E,K,E,D,F,R,E,D,M,A,T,P,R,Y,Q,L,V,L,N,Y,-2554.71088383348,-850.808025132215,,0.242391567668413,ACT66274.1,MSSSSWLLLSLVAVTTAQSIIEEQAKTFLDKFNQEAEDLSYQSSLASWNYNTNITEENAQKMNEAAAKWSAFYEEQSKLAKNYPLQDVQNLTIKRQLQALQQSGSSALSADKNKQLNTILNTMSTIYSTGKVCNPKNPQECLLLEPGLDDIMATSTDYNERLWAWEGWRAEVGKQLRPLYEEYVVLKNEMARANNYKDYGDYWRGDYEAEGENGYNYNGNQLIEDVERTFKEIKPLYEQLHAYVRTKLVNTYPSYISPTGCLPAHLLGDMWGRFWTNLYPLTVPFGQKPNIDVTDAMVKQGWGAERIFKEAEKFFVSVGLPHMTKGFWQNSMLTDPGDDRKVVCHPTAWDLGKEDFRIKMCTKVTMDNFLTAHHEMGHIQYDMAYATQPFLLRNGANEGFHEAVGEIMSLSAATPEHLKSIGLLPSNFQEDSETEINFLLKQALTIIGTLPFTYMLEKWRWMVFKGDIPKEQWMEKWWEMKREIVGVVEPLPHDETYCDPAALFHVSNDFSFIRYYTRTIYQFQFQEALCKAAKHDGPLHKCDISNSTEAGQKLVNMLRLGKSGPWTLALEKVVGARNMDVRPLLNYFEPLSVWLKEQNKNSFVGWNTDWSPYADQSIKVRISLKSALGENAYVWNDNEMYLFRASVAYAMRVYFAKNKTQIVPFGVEDIRVSDLTPRVSFNFFVTSPQNMSDIIPRNEVEEAVRFSRGRINDVFGLDDNSLEFLGINPTLAPPYQPPVTIWLIIFGVVMGIVVVGIVILIVTGIKARKKKNEKKRGENPYASTDIGKGESNAGFQSNDDAQTSF
621,Spermophilus dauricus,Daurian ground squirrel,S,L,T,F,D,K,P,N,M,T,Q,G,F,E,N,N,Q,E,K,G,D,F,R,E,D,M,A,M,P,R,Y,Q,L,L,L,A,Y,-2552.20471070092,-865.224635873012,,0.140946634836394,ENSSDAP00000010526_Sdau/1-807,MLGSSWLLLSFVAVTAAQSTIEELAKTFLDKFNQEAEDLDYQRSLASWNYNTNITEENTQKMNEAEAKWSAFYEEQSKLAKAYPLQEIQNFTLKRQLQALQQSGSSALSANKREQLNTILNTMSTIYSTGKVCNPKKPQECLLLEPGLDGIMANSTDYSERLWVWEGWRSEVGKQLRPLYEEYVVLKNEMARANNYEDYGDYWRGDYEAEGADGYGYNHNQLIEDVERTFVEIKPLYEHLHAYVRAKLMNTYPSYISPTGCLPAHLLGDMWGRFWTNLYSLTVPFPEKPNIDVTDAMINQNWNAVRIFKEAEKFFVSVGLPNMTQGFWENSMLTEPTDGRKVVCHPTAWDLQKGDFRIKMCTKVTMDNFLTAHHEMGHIQYYMAYAMQPYLLRNGANEGFHEAVGEIMSLSATTPKHLKSIGLLPSDFHEDNETEINFLLKQALTIVGALPFSYMLEKWRWMVFKGEIPKDQWMKKWWEMKREIVGVMEPVPHDETYCDPAALYHVSNDFSFIRYYTRTIYQFQFQEALCQTAKHKGPLHKCDISNSTEAGQKLLNMLRLGKSKPWTLALENVVGARNMDVRPLLNYFEPLFGWLKDQNRNSFVGWNTDWSPYTDQSIKVRISLKSALGEEAYQWNDNEMYLFRSSVAYAMRMYFSKVKNQTIPFGEEDVWVSDMKPRISFNFFVTAPQNVSDIIPRTDVEKAIRMSRGRINGVFRLDDNSLEFLGIQPTLGPPYQPPVTIWLIVFGVVMGLIVVGIVILIFTGIRDRRRKNQTKQEENPYAESSMEMGKGENNPGYQNNDDVQTSF
600,Dasyprocta punctata,Central American agouti,F,Q,T,F,D,E,P,P,M,T,Q,G,F,E,N,N,Q,K,K,N,D,F,R,E,D,M,A,I,P,R,Y,Q,L,L,L,A,Y,-2551.61191660392,-851.063896303934,,0.297721855066399,GCA_004363535.1 (NCBI assembly),MSGSSWFLLSLVAVTAAQFTIEEQAKTFLDEFNQKAEDLSYQSSLASWDYNTNITEENVQKMNEAGGIWSAFYEEQSNLAKAYPLQEIQNLTVKRQLQILQQSGSSGLSGDKNKQLSTILNTMSTIYSTGKVCKPNNPQECLLLEPGLDDIMSKSTDYSERLWAWEGWRSEVGKQLRPLYEEYVALKNEMARANNYEDYGDYWRADYEVEGVDGYNYSRNQLIEDVERTFAEIKPLYEQLHAYVRKKLMETYPSRISPVGCLPAHLLGDMWGRFWTELYSLTIPFKQKPNIDVTDAMENQSWDANRIFKEAEKFFVSVGLPPMTQGFWENSMLTEPGDGRKVVCHPTAWDLGKNDFRIKMCTKVTMDHFLTAHHEMGHIQYDMAYAIQPFLLRNGANEGFHEAIGEIMSLSAATPEHLKSIGLLSPDFHEDSETEINFLLKQALTIVGTLPFTYMLEKWRWMVFRGEIPKEQWMKKWWEMKREIVGVVEPLPHDETYCDPASLFHVSNDYSFIRYYTRTIYQFQFQEALCQAANHVGPLHKCDISNSTEAGQKLLNMLRLGRSEPWTLALESIVGAKNMDVKPLLNYFEPLSTWLQNQNRDSFVGWNTGWSPYSEESIKVRISLKSALGENAYEWNANEMYLFRSSVAYAMRKYFLEVKKQTVLFRAEDVWVSDETPRISFTFFVTAPNDVSDIIPKSDVEYAIRLSRSRINDVFRLDDNSLEFLGIYPTLSPPYEPPVTIWLIVFGVVMGLVVVGIVILLITGIRDRRKKNKKQREENPYSSVDIDKGENNTGFQNSEDTQTSF
602,Myocastor coypus,Coypu,L,Q,A,F,D,N,P,H,M,T,Q,G,F,Q,N,N,Q,K,K,N,D,F,R,E,D,M,A,I,P,R,Y,Q,L,L,F,A,Y,-2550.14180393945,-864.430772300386,,0.386887037026837,GCA_004027025.1 (NCBI assembly),MSGSSWCLLSLVAVTAAQLTIEEQAKAFLDNFNQKAEDLSYQNSLASWDYNTNITEENVQKMNEAGAIWSTFYEEQSNFAKAYPLQEIQNLTIKRQLQALQHSGSSALSAEKNKRLNTILNTMSTIYSTGKVCNLNNPQECLLLEPGLDDIMSTSTDYNERLWAWEGWRSEVGKQLRPLYEEYVTLKNEMARANNYEDYGDYWRGDYEAEGVDGYEYSRNQLIEDVERTFAEIKPLYEQLHAYVRAKLAEEYPSHINPEGCLPAHLLGDMWGRFWTNLYPLAVPFQQKPNIDVTDAMLSQSWDAERIFKEAEKFFVSVGLPHMTQGFWQNSMLTEPGDGRKVVCHPTAWDLGKNDFRIKMCTKVTMDHYLTAHHEMGHIQYDMAYAIQPFLLRNGANEGFHEAVGEIMSLSAATPEHLKSIGLLPPDFQEDTETEINFLLKQALTIVGTLPFTYMLEKWRWMVFRGEIPKEQWMKKWWEMKREIVGVVEPMPHDETYCDPASLFHVSNDYSFIRYYTRTIYQFQFQEALCQAANHAGPLHKCDISNSTEAGQKLLNMLRLGNSEPWTLALENVVGAKNMNVTPLLNYFEPLSTWLKEQNRNSFVGWRTEWSPYSEESIKVRISLKSALGDNAYKWNANEMYLFRSSVAYAMRVYFLEEKDQIVPFTEEDVRVSDETPRISFNFIVTAPNNISDIIPKSEVENAIRMSRSRINDVFRLDDDSLEFLGIYPTLSPPYEPPVTIWLIVFGVVMGLVVVGIVVLIITGIRDRRKKKQIKREENPYSSVDIDKGENNTGFQNNEDIQTSF
617,Ictidomys tridecemlineatus,Thirteen-lined Ground Squirrel,S,L,T,F,D,K,P,N,M,T,Q,G,F,E,N,N,Q,E,K,G,D,F,R,E,D,M,A,M,P,R,Y,Q,L,L,L,A,Y,-2547.86904862237,-846.394660548123,,0.140946634836394,XP_005316051.3,MGSCPGARGKMLGSSWLLLSFVAVTAAQSTIEELAKTFLDKFNQEAEDLDYQRSLAAWNYNTNITEENTQKMNEAEAKWSAFYEEQSKLATAYPLQEIQNFTLKRQLQALQQSGSSALSANKREQLNTILNTMSTIYSTGKVCNPKKPQECLLLEPGLDEIMANSTDYNERLWVWEGWRSEVGKQLRPLYEEYVVLKNEMARANNYEDYGDYWRGDYEAEGADGYGYNRNQLIEDVERTFAEIKPLYEHLHAYVRAKLMNTYPSYISPTGCLPAHLLGDMWGRFWTNLYSLTVPFPEKPNIDVTDAMINQNWNAVRIFKEAEKFFVSVGLPNMTQGFWENSMLTEPTDGRKVVCHPTAWDLQKGDFRIKMCTKVTMDNFLTAHHEMGHIQYDMAYAMQPYLLRNGANEGFHEAVGEIMSLSASTPKHLKSIGLLPSDFREDSETEINFLLKQALTIVGTLPFTYMLEKWRWMVFKGEIPKDQWMKKWWEMKREIVGVMEPVPHDETYCDPAALYHVSNDFSFIRYYTRTIYQFQFQEALCQAAKHEGPLHKCDISNSTEAGQKLLNMLRLGKSKPWTLALENVVGARNMDVRPLLNYFEPLFGWLKDQNRNSFVGWNTNWSPYTDQSIKVRISLKSALGEEAYQWNDNEMYLFRSSVAYAMRMYFSKVKNQTIPFGEKDVWVSDEKPRISFNFFVTAPQNVSDIIPRTDVEKAIRMSRGRINGVFRLDDNSLEFLGIQPTLGPPYQPPVTIWLIVFGVVMGLIVVGIVILIFTGIRDRRRKNQTKREENPYAESSMEMGKGENNPGYQNNDDVQTSF
616,Urocitellus parryii,Arctic Ground Squirrel,S,L,T,F,D,K,P,N,M,T,Q,G,F,E,N,N,Q,E,K,G,D,F,R,E,D,M,A,M,P,R,H,Q,L,L,L,D,Y,-2545.8579764767,-843.538721692961,,0.176921719201324,XP_026252505.1,MGSCPGARGKMLGSSWILLSFVAVTAAQSTIEELAKTFLDKFNQEAEDLDHQRSLAAWNYNTNITKENTEKMNEAEAKWSAFYEEQSKLAKDYPLQEIQNFTLKRQLQALQQSGSSALSANKREQLNTILNTMSTIYSTGKVCNPKKPQECLLLEPGLDEIMANSTDYSERLWVWEGWRSEVGKQLRPLYEEYVVLKNEMARANNYEDYGDYWRGDYEAEGADGYGYNRNQLIEDVERTFAEIKPLYEHLHAYVRAKLMNTYPSYISPTGCLPAHLLGDMWGRFWTNLYSLTVPFPEKPNIDVTDAMINQNWNAVRIFKEAEKFFVSVGLPNMTQGFWENSMLTEPTDGRKVVCHPTAWDLQKGDFRIKMCTKVTMDNFLTAHHEMGHIQYDMAYAMQPYLLRNGANEGFHEAVGEIMSLSASTPKHLKSIGLLPSDFREDNETEINFLLKQALTIVGTLPFTYMLEKWRWMVFKGEIPKDQWMKKWWEMKREIVGVMEPVPHDETYCDPAALYHVSNDFSFIRYYTRTIYQFQFQEALCQAAKHEGPLHKCDISNSTEAGQKLLNMLRLGKSKPWTLALENVVGARNMDVRPLLNYFEPLFGWLKDQNRNSFVGWNTDWSPYTDQSIKVRISLKSALGEEAYQWNDNEMYLFRASVAYAMRMYFSEVKNQTIPFREEDVWVSDLKPRISFNFFVTAPQNVSDIIPRTDVEKAIRMSRGRINGVFRLDDNTLEFLGIQPTLGPPYQPPVTIWLIVFGVVMGLIVVGIVILIFTGIRDRRRKNQTKREENPYAESSMEMGKGENNPGYQNIDDVQTSF
609,Heterocephalus glaber,Naked Mole-rat,L,Q,T,F,D,K,P,H,M,T,Q,G,F,Q,N,N,Q,E,K,D,D,F,R,E,D,M,A,I,P,R,Y,Q,L,L,L,A,Y,-2545.23676736138,-844.650404713843,,0.249358014292225,XP_004866157.1,MSGSLWLFLTLVPVTAAQLTREEQAKTFLDKFNQEAEDLSYQSSLASWNYNTNITEENVQKMNEAGALWSAFYEEQSKLAKAYSLQEIQNLTVKRQLQALQHSGSSVLSTDKNKQLNTILNMMSTIYSTGKVCNPNNPQECLLLEPGLDDIMAKSTDYSERLWAWEGWRSEVGKQLRPLYEQYVALKNEMARANNYEDYGDYWRGDYEAEGADGYDYSRNQLIGDVERTFAEIKPLYEQLHAYVRAKLMNAYPSRISPIGCLPAHLLGDMWGRFWTNLYPLTVPFGQKPNIDVTDAMVSQSWDAEKIFKEAEKFFVSVSLPHMTQGFWQNSMLTEPGDGRKVVCHPTAWDLGKDDFRIKMCTKVTMDHFLTAHHEMGHIQYDMAYAIQPFLLRNGANEGFHEAVGEIMSLSAATPKHLKSIGLLPPDFHEDSETEINFLLKQALTIVGTLPFTYMLEKWRWMVFRGEIPKEQWMKKWWEMKREIVGVVEPVPHDETYCDPASLFHVSNDYSFIRYYTRTIYQFQFQEALCQAAKHVGPLHKCDISNSTEAGQKLLNMLRLGKSEPWTLALENVVGAKNMDVRPLLNYFEPLFTWLKDQNRNSFVGWSTEWSPYSKESIKVRISLKLALGDNAYQWNANEMYLFRSSIAFAMRKYFLKVKNEMVPFRAEDVWVSDETPRISFIFIVTAPNNITDIIPRSEVEDAISMSRSRINDIFGLDDNSLEFLGIQPTLGPPYQPPVTIWLIVFGVVMGLVLVGIVILIITGIRDRRKKNRTKREENPYSSADTGKGENNIGFQNSEDIQTSF
674,Ctenodactylus gundi,Common gundi,S,Q,T,F,D,K,P,N,M,T,Q,G,F,A,N,N,Q,E,K,G,D,F,R,E,D,M,A,I,P,R,Y,Q,L,L,L,N,Y,-2543.15298601948,-856.547503487681,,0.155586428524866,GCA_004027205.1 (NCBI assembly),MSGSSWLLLSLVAVAAAQSSIEEQANTFLDKFNQEAEDVSYQSSLASWNYNTNITEENVRKMNEAAASWTAFYEEQSSLAKNYPLQEIQTLTVKRQLQALQQGGSSVLPADKAKRLKEILNSMSTIYSTGKVCNPNNPQECLLLEPGLDEIMAKSTDYSERLWVWEGWRSEVGKQLRPLYEEYVELKNEMARANNFEDYGDYWRGDYEAEGIAGYEYNRDQVIEDVERTFAEIKPLYEHLHAYVRAKLMAIYPSKISAVGGLPAHLLGDMWGRFWTNLYFSTVPFPHKPNIDVTQAMVNQSWDADRIFKEAEKFFASVGLPNMTQGFWANSMLTEPGDGRKVVCHPTAWDLGKGDFRIKMCTKVTMDHFLTAHHEMGHIQYDMAYAIQPFLLRDGANEGFHEAVGEIMSLSAATPEHLKSIGLLPPDFQEDNETEINFLLKQALTIVGTLPFTYMLEKWRWMVFKGEIPREQWMKKWWEMKREIVGVVEPVPHDEMYCDPASLFHVSNDYSFIRYYTRTIYQFQFQEALCQAAKHEGPLHKCDISNSTEAGQKLLNMLRLGKSEPWTLALENVVGAKNMDVRPLLNYFEPLFTWLKEQNRNSFVGWSTEWSPYADQSIKVRISLKSALGDKAYNWTDNEMFLFRSSIAYAMREYFSQVKNQTIPFGQEDVWVSDLKPRVSFTFFVTAPKNVSDIIPRSEVEGAIRLSRSRINDIFRLDDDSLEFVGIQPTLAPLYQPPVTIWLIVFGVVMGLVVVGIVVLIFTGIRDRRKKNQAKREENPYASVDTGKGENNPVFQNSEDVQTSL
572,Mastomys coucha,Southern African Mastomys,S,N,T,F,N,K,P,H,M,T,Q,G,F,A,N,N,Q,E,H,G,D,F,R,E,D,M,A,T,P,R,Y,Q,L,L,I,N,F,-2543.07005727473,-845.586689970129,,0.345580566829361,XP_031226742.1,MSSSSWLLLSLVAAVTTAQSLTEENAKTFLNKFNQEAEDLSYQSSLASWNYNTNITEENAQKMNEAAAKWSAFYEEQSKIAQNFSLQEIKTPIIKLQLQALQQSGSSALSADKVKQLNTILNTMSTIYSTGKVCNPKNPQQCLLLEPGLDEIMATSTDYNSRLWAWEGWRADVGKQLRPLYEEYVVLKNEMARANNYKDYGDYWRGDYEAEGAEGYNYNRNQLIEDVDRTFAEIKPLYEHLHAYVRTKLMDTYPSYISPTGCLPAHLLGDMWGRFWTNLYPLTVPFAQKPNIDVTDAMMNQSWDAERIFKEAEKFFVSVGLPHMTQGFWANSMLTEPEDDRKVVCHPTAWDLGHGDFRIKMCTKVTMDNYLTAHHEMGHIQYDMAYATQPFLLRNGANEGFHEAVGEIMSLSAATPKHLKSIGLLPSNFQEDSETEINFLLKQALTIVGTLPFTYMLEKWRWMVFQGEIPKEQWMKKWWEMKREIVGVVEPLPHDETYCDPASLFHVSNDYSFIRYYTRTIYQFQFQEALCKAAKHDGPLHKCDISNSTEAGQKLLNMLRLGNSEPWTLALENVVGARNMDVKPLLNYFEPLFVWLKEQNRNSFVGWNADWSPYADQSIKVRISLKSALGSNAYEWTNDEMFLFRSSVAYAMRKYFSEIKKQTVPFREEDVWVRDLRPRVSFNFFVTSPQNVSDVIPRSEVENAISMSRGRINDVFGLDDNSLEFLGINPTLEPPYQPPVTIWLIIFGVVMGLVVVGIIILIITGIKGRKKKNETKREENPYDSMDIGKGESNAGFQNSDDAQTSF
610,Heterocephalus glaber,Naked Mole-rat,L,Q,T,F,D,K,P,H,M,T,Q,G,F,Q,N,N,Q,E,K,D,D,F,R,E,D,M,A,I,P,R,Y,Q,L,L,L,A,Y,-2531.5518926299,-841.852308554552,,0.249358014292225,EHB15595.1,MSGSLWLFLTLVPVSAAQLTREEQAKTFLDKFNQEAEDLSYQSSLASWNYNTNITEENVQKMNEAGALWSAFYEEQSKLAKAYSLQEIQNLTVKRQLQALQHSGSSVLSTDKNKQLNTILNMMSTIYSTGKVCNPNNPQECLLLEPGLDDIMAKSTDYSERLWAWEGWRSEVGKQLRPLYEQYVALKNEMARANNYEDYGDYWRGDYEAEGADGYDYSRNQLIGDVERTFAEIKPLYEQLHAYVRAKLMNAYPSRISPIGCLPAHLLGDMWGRFWTNLYPLTVPFGQKPNIDVTDAMVSQSWDAEKIFKEAEKFFVSVSLPHMTQGFWQNSMLTEPGDGRKVVCHPTAWDLGKDDFRIKMCTKVTMDHFLTAHHEMGHIQYDMAYAIQPFLLRNGANEGFHEAVGEIMSLSAATPKHLKSIGLLPPDFHEDSETEINFLLKQALTIVGTLPFTYMLEKWRWMVFRGEIPKEQWMKKWWEMKREIVGVVEPVPHDETYCDPASLFHVSNDYSFIRYYTRTIYQFQFQEALCQAAKHVGPLHKCDISNSTEAGQKLLNMLRLGKSEPWTLALENVVGAKNMDVRPLLNYFEPLFTWLKDQNRNSFVGWSTEWSPYSKESIKVRISLKLALGDNAYQWNANEMYLFRSSIAFAMRKYFLKVKNEMVPFRAEDVWVSDETPRISFIFIVTAPNNITDIIPRSEVEDAISMSRSRINDIFGLDDNSLEFLGIQPTLGPPYQPPVTIWLIVFGVVMGLVLVGIVILIITGIRDRRKKNRTKREENPYSSADTGKGENNIGFQNSEDIQTSF
588,Nannospalax galili,Nannospalax galili,S,Q,T,F,D,K,P,Q,M,T,Q,G,F,E,N,N,Q,E,K,G,D,F,R,E,D,M,A,T,P,R,Y,Q,L,L,L,K,Y,-2529.51281510196,-841.660462298044,,0.140524726718119,XP_008839098.1,MSSSSWLLLSLVAVTAAQSIEEQAKTFLDKFNQEAEDLSYQSALASWDYNTNITEENAQKMNEAAMKWSAFYEEQSKLAKKYSLQEIQDLVIKRQLQALQESGASALSPDKNKQLNTILNTMSTIYSTGKVCRSNNPQECLLLEPGLDDLMATSTDYNERLWAWEGWRAEVGKQLRPLYEEYVVLKNEMARANNYEDYGDYWRGDYEAEGADGYEYNRNQLIQDVERTFAEIKPLYEQLHAYVRTKLMDAYPSRISPTGCLPAHLLGDMWGRFWTNIYPLTVPFGQKQNIDVTDAMVQQGWGAERIFKEAEKFFVSVDLPQMTQGFWENSMLTEPGGDRQVVCHPTAWDLGKGDFRIKMCTKVTMDNFLTAHHEMGHIQYDMAYATQPFLLRNGANEGFHEAVGEIMSLSAATPQHLKSIGLLPSDFRDDNETEINFLLKQALTIVGTLPFTYMLEKWRWMVFKGEIPKEEWMKKWWEMKREIVGVVEPLPHDETYCDPASLFHVSNDYSFIRYYTRTIYQFQFQEALCRAAEHVGPLHQCDISNSTKAGQKLLNMLRLGSSEPWTLALENVVGARNMDVRPLLNYFEPLLVWLKEQNRNSFVGWSTDWSPYADQSIKVRISLKSALGENAYKWNDNEMYLFRSSIAYAMRKYFLEVKTQTIPFGEENILVSDVKPRISFNFIVTAPKNVSEIIPRSEVEQSIRLSRGRINDIFYLDDNSLEFLGIHPTLEPPYQPPVTIWLIIFGVVMGIVVVGIIILIVTGIKGRKKKNQTKKEENPYASVEIGKGESNAGFQNNDDAQTSF
615,Dipodomys stephensi,Stephens's kangaroo rat,S,L,T,F,D,N,P,K,M,T,Q,G,F,E,N,N,Q,E,K,G,D,F,R,E,D,M,A,T,P,R,Y,Q,L,L,L,I,Y,-2527.30896212194,-859.974553797721,,0.199229125566269,GCA_004024685.1 (NCBI assembly),MSRSSWLLLSLIAVTASQSSIEELAKTFLDNFNQEAEDLSYQSSLASWNYNTNITEENAQRMNEAGAIWSAFYEEQAKLAKIYSLQEIQNPILKRQLQFLQQSGSSALSEDKSKRLNTILNKMSTIYSTGTVCNPNNPQECLLLEPGLDDIMAKSTDYSERLWVWEGWRSEVGKQLRPLYEEYVVLKNEMARANNYEDYGDYWRGDYEAEGADGYNYNRNQLIEDVERTFAEIKPLYEHLHAYVRAKLMDIYPSHINPTGCLPAHLLGDMWGRFWTNLYSLVIPFEQKPNIDITDAMVQQAWDADRIFKEAEKFFVSVGLPKMTQGFWENSMLTEPGDNRKVVCHPTAWDLGKGDFRIKMCTKVTMDNFLTAHHEMGHIQYDMAYATQPFLLRNGANEGFHEAVGEIMSLSAVTPKHLKSIGLLPPNFHEDNETEINFLLKQALTIVATLPFTFMLEKWRWMVFRGEIPQEQWMKTWWEMKREIVGVVEPVPHDETYCDPASLFHVSNDFSFIRYYTRTIYQFQFQEALCKAAKYEGPLHKCDISNSVEAGHKLLNMLRLGKSEPWTLALENVVGAKNMDVRPLLNYFEPLFIWLQEQNKNSFVGWNTAWNPYNDQSIKVRISLKSALGDKAYEWNDNEMYLFQSSVAYALRKYFSATQNQTIPFREENVKVENLTQRISFTFYVTMPNNSSDIIPRDEVEAAIRMSRGRINDIFCLDDNSLEFLGINPTLGPPYQPPVTVWLIAFGVVMGLVVIGLVFLIVVGIRERRKRSEIRREDNPYASVDISKGEMNAGFQNTEDVQTSF
608,Fukomys damarensis,Fukomys damarensis,L,Q,T,F,D,K,P,H,M,T,Q,G,F,Q,N,N,Q,E,K,N,D,F,R,E,D,M,S,T,P,R,Y,Q,L,L,L,A,Y,-2524.44041471057,-833.524908749433,,0.264928876396512,XP_010643477.1,MSGSFWLLLSLVAVTAAQLTIEEQAKTFLDKFNQEAEDLSYQNSLASWNYNTNITEENVQKMNEAGAIWSVFYEEQSKLAKAYPLQEIQNLTVKRQLQVLQQSWSSALSADKNKQLNTILNMMSTIYSTGKVCNPNKPQECLLLEPGLDDIMAKSTDYSERLWVWEGWRSEVGKQLRPLYEQYVALKNEMARANNYEDYGDYWRSDYEAEGADGYDYSRNQLIEDVERTFAEIKPLYEQLHAYVRTKLMNDYPSRLSPIGCLPAHLLGDMWGRFWTNLYPLTVPFGQKPNIDVTEAMVNQFWDAEKIFKEAEQFFVSVGLPHMTQGFWQNSMLTEPGDGRKVVCHPTAWDLGKNDFRIKMCTKVTMDHFLTAHHEMGHIQYDMAYSTQPFLLRNGANEGFHEAVGEIMSLSAATPKHLKSIGLLPPNFHEDNETEINFLLKQALTIVGTLPFTYMLEKWRWMVFRGEIPKDQWMKKWWEMKREIVGVVEPMPHDETYCDPASLFHVSNDYSFIRYYTRTIYQFQFQEALCQAAKHVGPLHKCDISNSTEAGQKLLNMLRLGKSEPWTLALENVVGAKNMDVRPLLNYFEPLFTWLKDQNKNSFVGWSTEWSPYSQESIKVRISLKSALGVNAYQWNSNEMYLFQSSVAYAMRQYFLKVKNKTVPFREEDVRVSDETPRISFIFIVTAPNNITDIIPRSEVEYAIRMSRGRINDIFSLDDNSLEFLGIQPTLGPPYQPPVTIWLIVFGVVMGLVLVGIVILIFTGIRDRRKKNKTKGEENPYSSVDIGKGENNTGFQNSEDIQTSF
573,Rattus rattus,rat noir,S,K,S,F,N,K,P,Q,M,T,P,G,F,T,N,N,Q,E,H,G,D,F,R,E,D,M,A,K,P,R,Y,Q,L,L,I,N,F,-2521.44370851974,-850.86856497556,,0.435042490417359,XP_032746145.1,MSRSPWLLLSLVAVATAQSLIEEKAESFLNKFNQEAEDLSYQSSLASWNYNTNITEENAQKMNEAAAKWSAFYEEQSKIAQNFSLQEIQDATIKRQLKALQQSGSSALSPDKNKQLNTILNTMSTIYSTGKVCNSMNPQECFVLEPGLDEIMATSTDYNRRLWAWEGWRAEVGKQLRPLYEEYVVLKNEMARANNYEDYGDYWRGDYEAEGVEGYNYNRNQLIEDVENTFKEIKPLYEQLHAYVRTKLMDVYPSYISPTGCLPAHLLGDMWGRFWTNLYPLTTPFLQKPNIDVTDAMVNQSWDAERIFKEAEKFFVSVGLPQMTPGFWTNSMLTEPGDDRKVVCHPTAWDLGHGDFRIKMCTKVTMDNFLTAHHEMGHIQYDMAYAKQPFLLRNGANEGFHEAVGEIMSLSAATPKHLKSIGLLPSNFQEDDETEINFLLKQALIIVGTLPFTYMLEKWRWMVFQDKIPREQWTQKWWEMKREIVGVVEPLPHDETYCDPASLFHVSNDYSFIRYYTRTIYQFQFQEALCQAAKHDGPLHKCDISNSTEAGQKLLNMLSLGNSGPWTLALENVVGSRNMDVKPLLNYFQPLFVWLKEQNSNSTVGWNTDWSPCDFTDCTHYEWTDNEMYLFRSSVAYAMREYFSREKNQTVPFGEADVWVSDLKPRVSFNFFVTSPKNVSDIIPRSEVEEAIRMSRGRINDIFGLNDNSLEFLGIYPTLKPPYEPPVTIWLIIFGVVMGMVVVGIVILIVTGIKGRKKKNETKREENPYDSVDIGKGESNAGFQNSDDAQTSF
586,Ellobius lutescens,Transcaucasian mole vole,S,D,T,F,D,K,P,H,M,T,Q,G,F,E,N,N,Q,E,K,D,D,F,R,E,D,M,A,T,P,R,Y,Q,L,L,L,S,Y,-2513.27087737493,-832.315164985645,,0.211592429864662,GCA_001685075.1 (NCBI assembly),MSRSSWLLLSLVAVTTAQSIIEEDAKTFLDKFNQEAEDLSYQSALASWNYNTNITEENAQKMNEAAAKWSAFYEEQSKLAKSYSLQEIQNPLLKRQLQALQQSGSSALSADKNKQLNTILNTMSTIYSTGKVCNPKNPQECLLLEPGLDDIMATSTDYNERLWAWEGWRAEVGKQMRPLYEEYVVLKNEMARANNYKDYGDYWRGDYEAEGAVGYNYDSDQLIQDVERTFQEIKPLYEHLHAYVRTKLMDTYPSYISSTGCLPAHLLGDMWGRFWTNLYPLTVPFGQKPNIDVTDAMVNQGWDAERIFKEAEKFFVSVGLPHMTQGFWENSMLVDPGDDRKVVCHPTAWDLGKDDFRIKMCTKVTMDNFLTAHHEMGHIQYDMAYATQPYLLRNGANEGFHEAVGEIMSLSAATPEHLKSIGLLPSDFQEDSETEINFLLKQALTIVGTLPFTYMLEKWRWMVFRGEIPKEQWMEKWWGMKREIVGVVEPLPHDETYCDPAALFHVSNDYSFIRYYTRTIYQFQFQEALCQAAKHDGPLHKCDISNSTEAGQKLLNMLRLGKSEPWTLALENVVGTRNMDVRPLLNYFEPLFVWLKEQNKNSFVGWSTDWSPYADQSIKVRISLKSALGENAYEWNDNEMYLFRASVAYAMRVYFANYKNQTVPFGVEDIWVSDLTPRVSFNFFVTSPQNVSGIIPRSEVENAISLSRGRINDVFSLNDNSLEFLGIYPTLGPPYQPPVTVWLIIFGVVMGLVVLGIVILIFTGIRGRKKKNETKREENPYDSVDIGKGESNAGFQNNDDVQTSF
601,Cavia porcellus,Domesticated Guinea Pig,F,L,I,F,D,E,P,P,M,T,Q,G,F,K,N,N,S,E,K,N,D,F,R,E,N,M,A,I,P,R,Y,Q,L,L,L,N,Y,-2512.66287272027,-848.620596443412,,0.342247562648281:0.435722662953516,ACT66270.1,MSSSSWLLLGLVAVTTAQFTTEDLAKIFLDEFNSEAENLSYQSSLASWDYNTNINDENVQKMDEAGAKWSAFYEEQSKLAKNYPLEQIQNVTVKLQLQILQQSGSPVLSEDKSKRLNSILNAMSTIYSTGKVCKPNKPHECLLLEPGLDNIMGTSKDYSERLWAWEGWRAEVGKQLRPLYEEYVVLKNEMARGYHYEDYGDYWRRDYETEESPGPGYSRDQLMKDVERIFTEIKPLYEHLHAYVRAKLMDTYPFHISPTGCLPAHLLGDMWGRFWTELYSLTVPFQQKPNIDVTDAMESQSWDAEKIFKEAEKFFVSAGLPPMTQGFWKNSMLTEPGDGQKVVCHPTAWDMGKNDFRIKMCTKVTMDHFLTAHHEMGHIQYDMAYAIQPFLLRDGANEGFHEAIGEIMSLSAATPEHLKSIGLLPPDFHEDNETEINFLLKQALTIVGTLPFTYMLEKWRWMVFRGEIPKEQWMKKWWEMKREIVGVVEPLPHDETYCDPASLFHVSNDYSFIRYYTRTIYQFQFQEALCKAANHVGPLHKCDISNSTEAGQKLLNMLKLGRSEPWTLALESIVGTKNMDVKPLLNYFQPLSTWLQDQNRNSFVGWNTEWSPYSEESIKVRVSLKSALGEDAYKWDDNEMYLFRSSVAYAMRKYFLDVKNQTVLFSWEDVRVSDWTHRVSFTFFVTEPNNVSNIIPKTEVEDAIRLSRSRINDVFRLDDNTLEFLGIYPTLSPPYEPPVTIWLIVFGVVMGLVVVGIVVLVITGIRDRRKKKQKQREENPYSSVDIGEF
565,Grammomys surdaster,Grammomys surdaster,S,E,T,F,D,K,P,Y,M,T,Q,G,F,A,N,N,Q,E,H,G,D,F,R,E,D,M,A,T,P,R,Y,Q,L,F,T,N,F,-2508.79709452549,-855.665629266422,,0.287579957981939,XP_028617961.1,MSSSSWLLLSLVAVTTAQSLIEEEAKTFLDKFNQEAEDLSYQSSLASWNYNTNITEENAQKMSEAAAKWSAFYEEQSKTAQNFSLQEIKTPIIKRQLQALQQSGSSALSADKNRQLNKILNTMSTIYSTGKVCNPKNPQECLLLEPGLDEIMATSTDYSDRLWAWEGWRAEVGKQLRPLYEEYVVLKNEMARANNYKDYGDYWRGDYETEGTDGYNYNRDQLIEDVERTFAEIKPLYEHLHAYVRRKLMDTYPSYISPTGCLPAHLLGDMWGRFWTNLYPLTVPFAQKPNIDVTDAMVNQGWDAERIFKEAEKFFVSVALPYMTQGFWANSMLTEPADDRKVVCHPTAWDLGHGDFRIKMCTKVTMDNFLTAHHEMGHIQYDMAYATQPFLLRNGANEGFHEAVGEIMSLSAATPKHLKSIDLLPSNFQEDSETEINFLLKQALTIVGTLPFTYMLEKWRWMVFQGEIPKEQWMKRWWEMKREIVGVVEPLPHDETYCDPAALFHVSNDYSFIRYYTRTIYQFQFQEALCQAAKHDGPLHKCDISNSTEAGQKLFNMLRLGNSEPWTLALENVTGARNMDVKPLLNYFQPLFDWLKEQNRNSFVGWNTDWSPNVNQSIKVRISLKSALGNNAYEWTNNEMYLFRSSVAYAMREYFSNVKNQTVLFGEEDVWVSDLSPRVSFNFFVTSPKNASDVIPRSEVEDAIRMSRGRINDIFRLNDNSLEFLGIHPTLEPPYQPPVTIWLIIFGVVMGMVVVGIIILIVTGIKGRKKKKETKREENPYGSVDIGKGESNAGFQNSDDAQTSF
619,Marmota marmota marmota,Marmota marmota marmota,S,L,T,F,D,K,P,N,M,T,Q,G,F,E,N,N,Q,E,K,G,D,F,R,E,D,M,A,M,P,R,Y,Q,L,L,L,A,Y,-2505.20308267679,-853.719789165403,,0.140946634836394,XP_015343540.1,MGSCPGARGKMLGSSWLLLSFVAVTAAQSTIEELAKTFLDKFNQEAEDLDYQRSLASWNYNTNITKENTQKMNEAEAKWSAFYEKQSKLAKAYPLQEIQNFTLKRQLQALQQSGSSALSANKREQLNTILNTMSTIYSTGKVCNPKKPQECLLLEPGLDGIMANSTDYNERLWVWEGWRSKVGKQLRPLYEEYVVLKNEMARANNYEDYGDYWRGDYEAEGADGYGYNHNQLIEDVERTFAEIKPLYEHLHAYVRAKLMNTYPSYISPTGCLPAHLLGDMWGRFWTNLYSLTVPFPEKPNIDVTDAMIKQNWNAVRIFKEAEKFFVSVGLPNMTQGFWENSMLTEPTDGRKVVCHPTAWDLQKGDFRIKMCTKVTMDNFLTAHHEMGHIQYNMAYAMQPYLLRNGANEGFHEAVGEIMSLSATTPKHLKSIGLLPSDFREDNETEINFLLKQALTIVGALPFTYMLEKWRWMVFKGEIPKDQWMKKWWEMKREIVGVMEPVPHDETYCDPAALYHVSNDFSFIRYYTRTIYQFQFQEALCQAAKHEGPLHKCDISNSTEAGQKLLNMLRLGKSKPWTLALENVVGARNMDVRPLLNYFEPLFGWLKDQNRNSFVGWNTNWSPYTDQSIKVRISLKSALGEEAYQWNDNEMYLFQSSVAYAMRMYFSKVKNQTIPFGEEDVWVSDLKPRISFNFFVTAPQNVSDIIPRTDVEKAIRMSRGRINGVFRLDDNSLEFLGIQPTLGPPYQPPVTIWLIVFGVVMGLIVVGIVILIFTGIRDRRRKNQTKREENPYAESSMEMGKGENNPGYQNNDDVQTSF
598,Cavia porcellus,Domesticated Guinea Pig,F,Q,T,F,D,E,P,P,M,T,Q,G,F,K,N,N,L,K,K,N,D,F,R,E,D,M,A,I,P,R,Y,Q,L,L,L,A,Y,-2460.143062225,-813.938313152285,,0.342247562648281:0.435722662953516,ENSCPOP00000013557_Cpor/1-794,MSGSFWFLLNLVAVTTAQFNLEEQAKTFLDEFNLKAEDLYYQSSLASWNYNTNITDENVQKMSEAGGILSAFYEEQSNLAKAYPLQDIQNLTVKRQLRILQQSGSSGFSADKNKQLSTILNTMSTLYSTGKVCYPSDPQECLLLEPGLADIMSKSTDYNLRLWAWEGWRSKVGKQLRPLYEEYVALKNEMARANKYEDYGDYWRRDYEVEDMDGYNYSRNQLIEDVERTFAEIKPLYEQLHAYVRTKLMETYPSRISPVGCLPAHLLGDMWGRFWTELYSLTVPFQQKPNIDVTDAMESQSWDAEKIFKEAEKFFVSVGLPPMTQGFWKNSMLTEPGDGQKVVCHPTAWDMGKNDFRIKMCTKVTMDHFLTAHHEMGHIQYDMAYAIQPFLLRDGANEGFHEAIGEIMSLSAATPEHLKSIGLLPPDFHEDNGTFFHGFTHALLGTLPFTFMLEKVERGWSSRVKIPKSSGLKNVADEVKIVGVVEPLPHDETYCDPASLFHVSNDYSFIRYYTRTIYQFQFQEALCKAANHVGPLHKCDISNSTEAGQKLLNMLKLGKSEPWTLALESIVGTKNMDVKPLLNYFQPLSTWLQDQNRNSFVGWNTEWSPYSEESIKVRISLKSALGEDAYKWDDNEMYLFRSSVAYAMRKYFLDVKNQTVLFSWEDVRVSDWTHRVSFTFFVTEPNNVSNIIPKTEVEDAIRLSRSRINDVFLSGIYPTLSPPYEPPVTIWLIVFGVVMGLVVVGIVVLVITGIRDRRKKKQKQREENPYSSVDIGKGENNTAFQNSEDNQTSF
568,Mus spicilegus,Steppe mouse,S,N,T,F,N,K,P,H,M,T,Q,G,F,A,N,N,Q,E,H,G,D,F,R,E,D,M,A,T,P,R,Y,Q,L,L,T,S,F,-2304.03874555598,-789.044048241333,,0.348121443166356,ENSMSIP00000010562_Mspi/1-773,MSSSSWLLLSLVAVTTAQSLTEENAKTFLNKFNQEAEDLSYQSSLASWNYNTNITEENAQKMNEAAAKWSAFYEGQSKTAQSFSLQEIQTPIIKRQLQALQQSGSSALSADKNKQLDEIMATSTDYNSRLWAWEGWRAEVGKQLRPLYEEYVVLKNEMARANNYNDYGDYWRGDYEAEGADGYNYNRNQLIEDVERTFAEIKPLYEHLHAYVRRKLMDTYPSYISPTGCLPAHLLGDMWGRFWTNLYPLTVPFAQKPNIDVTDAMMNQGWDAERIFKEAEKFFVSVGLPHMTQGFWANSMLTEPADGRKVVCHPTAWDLGHGDFRIKMCTKVTMDNFLTAHHEMGHIQYDMAYATQPFLLRNGANEGFHEAVGEIMSLSAATPKHLKSIGLLPSDFQEDSETEINFLLKQALTIVGTLPFTYMLEKWRWMVFRGEIPKEQWMKKWWEMKREIVGVVEPLPHDETYCDPASLFHVSNDYSFIRYYTRTIYQFQFQEALCQAAKYNGSLHKCDISNSTEAGQKLLKMLSLGNSEPWTKALENVVGARNMDVKPLLNYFQPLFDWLKEQNRNSFVGWNTEWSPYADQSIKVRISLKSALGDNAYEWTNNEMFLFRSSVAYAMRKYFSTIKNQTVPFLEEDVRVSDLKPRVSFYFFVTSPKNVSDVIPRSEVEDAISMSRGRINDVFGLNDNSLEFLGIHPTLEPPYQPPVTIWLIIFGVVMALVVVGIIILIVTGIKGRKKKNETKREENPYDSMDIGKGESNAGFQNSDDAQTSF
NA,,,,,,,,,,,,,,,,,,,,,,,,,,,,,,,,,,,,,,,,,,,,NA,NA
NA,,,,,,,,,,,,,,,,,,,,,,,,,,,,,,,,,,,,,,,,,,,,NA,NA
NA,,,,,,,,,,,,,,,,,,,,,,,,,,,,,,,,,,,,,,,,,,,,NA,NA
